[{"model": "users.professor", "pk": 1, "fields": {"password": "pbkdf2_sha256$216000$wqSKJAPVGrBT$NJcUKxhWyRQGjr3qKamtVeVlVP+bavHK38maJ7WcbbY=", "last_login": "2021-06-11T15:47:24.464Z", "is_superuser": true, "username": "eco", "first_name": "", "last_name": "", "email": "eco@eco.com", "is_staff": true, "is_active": true, "date_joined": "2021-06-11T15:47:11.322Z", "department_head": false, "middle_name": null, "time_in": null, "time_out": null, "department": null, "groups": [], "user_permissions": []}}, {"model": "users.professor", "pk": 2, "fields": {"password": "pbkdf2_sha256$216000$4Zfx8qVlBrmm$lCNKIbX3VC+7zFr0h11kJJjAtRSSd08K+hntFZZ7mcA=", "last_login": "2021-06-11T16:26:04.708Z", "is_superuser": false, "username": "TUPM-21-51312", "first_name": "Jerico", "last_name": "Villaraza", "email": "Jerico.Villaraza@tup.edu.ph", "is_staff": false, "is_active": true, "date_joined": "2021-06-11T15:55:33.105Z", "department_head": false, "middle_name": "Cabiling", "time_in": null, "time_out": null, "department": 1, "groups": [3], "user_permissions": []}}, {"model": "users.professor", "pk": 3, "fields": {"password": "pbkdf2_sha256$216000$k8ErEBUjAuX2$qjvC2DGicomebGpMZ6TAFCM7A93BdWp0HvFoSVwiPpQ=", "last_login": "2021-06-12T02:25:29.862Z", "is_superuser": false, "username": "TUPM-21-51313", "first_name": "Renagado", "last_name": "Martin", "email": "Renagado.Martin@tup.edu.ph", "is_staff": false, "is_active": true, "date_joined": "2021-06-11T15:56:03.050Z", "department_head": true, "middle_name": "Cornota", "time_in": null, "time_out": null, "department": 1, "groups": [3, 4], "user_permissions": []}}, {"model": "base.schedule", "pk": 1, "fields": {"day": "Monday", "start_time": 7, "ending_time": 14, "lec": 0, "lab": 0, "units": 0, "subject": 1, "room": 1, "section": 2}}, {"model": "base.subject", "pk": 1, "fields": {"subject_code": "CS333", "description": "Computer Programming", "course": 1}}, {"model": "base.room", "pk": 1, "fields": {"name": "TBA"}}, {"model": "base.timeload", "pk": 7, "fields": {}}, {"model": "base.basepage", "pk": 3, "fields": {}}, {"model": "course.section", "pk": 1, "fields": {"year": 1, "name": "BSCS-1A", "course": 1}}, {"model": "course.section", "pk": 2, "fields": {"year": 2, "name": "BSCS-2A", "course": 1}}, {"model": "course.section", "pk": 3, "fields": {"year": 3, "name": "BSCS-3A", "course": 1}}, {"model": "course.section", "pk": 4, "fields": {"year": 4, "name": "BSCS-4A", "course": 1}}, {"model": "course.course", "pk": 1, "fields": {"name": "Bachelord of Science in Computer Science", "abbreviation": "BSCS", "first_year_section": 1, "second_year_section": 1, "third_year_section": 1, "fourth_year_section": 1}}, {"model": "course.college", "pk": 1, "fields": {"name": "College of Science"}}, {"model": "course.department", "pk": 1, "fields": {"name": "Computer Study", "college": 1}}, {"model": "depthead.facultyloadpage", "pk": 8, "fields": {}}, {"model": "depthead.facultyloadingpage", "pk": 9, "fields": {}}, {"model": "depthead.departmentheadindexpage", "pk": 4, "fields": {}}, {"model": "facultyload.facultyloadmodel", "pk": 1, "fields": {"professor": 3, "schedule": 1, "year": 2020, "semester": "first", "approved": false}}, {"model": "facultyload.facultyloadmodel", "pk": 2, "fields": {"professor": 2, "schedule": 1, "year": 2020, "semester": "first", "approved": false}}, {"model": "facultyload.facultyload", "pk": 5, "fields": {}}, {"model": "facultyload.facultyloading", "pk": 6, "fields": {}}, {"model": "wagtailcore.site", "pk": 2, "fields": {"hostname": "localhost", "port": 80, "site_name": "TUP FacultyLoad", "root_page": 3, "is_default_site": false}}, {"model": "wagtailcore.locale", "pk": 1, "fields": {"language_code": "en"}}, {"model": "wagtailcore.page", "pk": 1, "fields": {"path": "0001", "depth": 1, "numchild": 1, "translation_key": "4241d121-de0d-437c-b87a-05b0127a968e", "locale": 1, "title": "Root", "draft_title": "Root", "slug": "root", "content_type": 1, "live": true, "has_unpublished_changes": false, "url_path": "/", "owner": null, "seo_title": "", "show_in_menus": false, "search_description": "", "go_live_at": null, "expire_at": null, "expired": false, "locked": false, "locked_at": null, "locked_by": null, "first_published_at": null, "last_published_at": null, "latest_revision_created_at": null, "live_revision": null, "alias_of": null}}, {"model": "wagtailcore.page", "pk": 3, "fields": {"path": "00010001", "depth": 2, "numchild": 4, "translation_key": "e3440c7c-c061-43f9-bb6a-a0119720ad40", "locale": 1, "title": "Welcome to TUP Faculty Loading", "draft_title": "Welcome to TUP Faculty Loading", "slug": "welcome-to-tup-faculty-loading", "content_type": 7, "live": true, "has_unpublished_changes": false, "url_path": "/welcome-to-tup-faculty-loading/", "owner": 1, "seo_title": "", "show_in_menus": false, "search_description": "", "go_live_at": null, "expire_at": null, "expired": false, "locked": false, "locked_at": null, "locked_by": null, "first_published_at": "2021-06-11T15:48:45.714Z", "last_published_at": "2021-06-11T15:48:45.714Z", "latest_revision_created_at": "2021-06-11T15:48:45.676Z", "live_revision": 1, "alias_of": null}}, {"model": "wagtailcore.page", "pk": 4, "fields": {"path": "000100010001", "depth": 3, "numchild": 2, "translation_key": "d5970eca-0317-4dbe-abb7-dd0f8b74b36a", "locale": 1, "title": "Department Head Page", "draft_title": "Department Head Page", "slug": "department-head-page", "content_type": 16, "live": true, "has_unpublished_changes": false, "url_path": "/welcome-to-tup-faculty-loading/department-head-page/", "owner": 1, "seo_title": "", "show_in_menus": false, "search_description": "", "go_live_at": null, "expire_at": null, "expired": false, "locked": false, "locked_at": null, "locked_by": null, "first_published_at": "2021-06-11T15:49:11.284Z", "last_published_at": "2021-06-11T15:51:30.733Z", "latest_revision_created_at": "2021-06-11T15:51:30.683Z", "live_revision": 11, "alias_of": null}}, {"model": "wagtailcore.page", "pk": 5, "fields": {"path": "000100010002", "depth": 3, "numchild": 0, "translation_key": "a4cb6b84-767c-4800-9e7d-debd6e11eeff", "locale": 1, "title": "Faculty Load", "draft_title": "Faculty Load", "slug": "faculty-load", "content_type": 19, "live": true, "has_unpublished_changes": false, "url_path": "/welcome-to-tup-faculty-loading/faculty-load/", "owner": 1, "seo_title": "", "show_in_menus": false, "search_description": "", "go_live_at": null, "expire_at": null, "expired": false, "locked": false, "locked_at": null, "locked_by": null, "first_published_at": "2021-06-11T15:49:26.420Z", "last_published_at": "2021-06-11T15:51:14.276Z", "latest_revision_created_at": "2021-06-11T15:51:14.225Z", "live_revision": 10, "alias_of": null}}, {"model": "wagtailcore.page", "pk": 6, "fields": {"path": "000100010003", "depth": 3, "numchild": 0, "translation_key": "c74bf153-9a65-4cdc-8d14-43d6e6958d38", "locale": 1, "title": "Faculty Loading", "draft_title": "Faculty Loading", "slug": "faculty-loading", "content_type": 20, "live": true, "has_unpublished_changes": false, "url_path": "/welcome-to-tup-faculty-loading/faculty-loading/", "owner": 1, "seo_title": "", "show_in_menus": false, "search_description": "", "go_live_at": null, "expire_at": null, "expired": false, "locked": false, "locked_at": null, "locked_by": null, "first_published_at": "2021-06-11T15:49:36.159Z", "last_published_at": "2021-06-11T15:51:01.964Z", "latest_revision_created_at": "2021-06-11T15:51:01.907Z", "live_revision": 9, "alias_of": null}}, {"model": "wagtailcore.page", "pk": 7, "fields": {"path": "000100010004", "depth": 3, "numchild": 0, "translation_key": "f8bc124d-b9ac-4d1f-ab1d-1403b90cfd28", "locale": 1, "title": "Time Load", "draft_title": "Time Load", "slug": "time-load", "content_type": 9, "live": true, "has_unpublished_changes": false, "url_path": "/welcome-to-tup-faculty-loading/time-load/", "owner": 1, "seo_title": "", "show_in_menus": false, "search_description": "", "go_live_at": null, "expire_at": null, "expired": false, "locked": false, "locked_at": null, "locked_by": null, "first_published_at": "2021-06-11T15:49:51.388Z", "last_published_at": "2021-06-11T15:50:46.746Z", "latest_revision_created_at": "2021-06-11T15:50:46.691Z", "live_revision": 8, "alias_of": null}}, {"model": "wagtailcore.page", "pk": 8, "fields": {"path": "0001000100010001", "depth": 4, "numchild": 0, "translation_key": "77a6d16e-1e13-4c8b-8e57-7045932317ea", "locale": 1, "title": "Faculty Load", "draft_title": "Faculty Load", "slug": "faculty-load", "content_type": 18, "live": true, "has_unpublished_changes": false, "url_path": "/welcome-to-tup-faculty-loading/department-head-page/faculty-load/", "owner": 1, "seo_title": "", "show_in_menus": false, "search_description": "", "go_live_at": null, "expire_at": null, "expired": false, "locked": false, "locked_at": null, "locked_by": null, "first_published_at": "2021-06-11T15:50:10.372Z", "last_published_at": "2021-06-11T15:50:10.372Z", "latest_revision_created_at": "2021-06-11T15:50:10.336Z", "live_revision": 6, "alias_of": null}}, {"model": "wagtailcore.page", "pk": 9, "fields": {"path": "0001000100010002", "depth": 4, "numchild": 0, "translation_key": "770b7bb8-8c91-4819-a309-9d4e1125103b", "locale": 1, "title": "Faculty Loading", "draft_title": "Faculty Loading", "slug": "faculty-loading", "content_type": 17, "live": true, "has_unpublished_changes": false, "url_path": "/welcome-to-tup-faculty-loading/department-head-page/faculty-loading/", "owner": 1, "seo_title": "", "show_in_menus": false, "search_description": "", "go_live_at": null, "expire_at": null, "expired": false, "locked": false, "locked_at": null, "locked_by": null, "first_published_at": "2021-06-11T15:50:19.285Z", "last_published_at": "2021-06-11T15:50:19.285Z", "latest_revision_created_at": "2021-06-11T15:50:19.250Z", "live_revision": 7, "alias_of": null}}, {"model": "wagtailcore.pagerevision", "pk": 1, "fields": {"page": 3, "submitted_for_moderation": false, "created_at": "2021-06-11T15:48:45.676Z", "user": 1, "content_json": "{\"pk\": 3, \"path\": \"00010001\", \"depth\": 2, \"numchild\": 0, \"translation_key\": \"e3440c7c-c061-43f9-bb6a-a0119720ad40\", \"locale\": 1, \"title\": \"Welcome to TUP Faculty Loading\", \"draft_title\": \"Welcome to TUP Faculty Loading\", \"slug\": \"welcome-to-tup-faculty-loading\", \"content_type\": 7, \"live\": true, \"has_unpublished_changes\": false, \"url_path\": \"/welcome-to-tup-faculty-loading/\", \"owner\": 1, \"seo_title\": \"\", \"show_in_menus\": false, \"search_description\": \"\", \"go_live_at\": null, \"expire_at\": null, \"expired\": false, \"locked\": false, \"locked_at\": null, \"locked_by\": null, \"first_published_at\": null, \"last_published_at\": null, \"latest_revision_created_at\": null, \"live_revision\": null, \"alias_of\": null, \"comments\": []}", "approved_go_live_at": null}}, {"model": "wagtailcore.pagerevision", "pk": 2, "fields": {"page": 4, "submitted_for_moderation": false, "created_at": "2021-06-11T15:49:11.249Z", "user": 1, "content_json": "{\"pk\": 4, \"path\": \"000100010001\", \"depth\": 3, \"numchild\": 0, \"translation_key\": \"d5970eca-0317-4dbe-abb7-dd0f8b74b36a\", \"locale\": 1, \"title\": \"Department Head Page\", \"draft_title\": \"Department Head Page\", \"slug\": \"department-head-page\", \"content_type\": 16, \"live\": true, \"has_unpublished_changes\": false, \"url_path\": \"/welcome-to-tup-faculty-loading/department-head-page/\", \"owner\": 1, \"seo_title\": \"\", \"show_in_menus\": false, \"search_description\": \"\", \"go_live_at\": null, \"expire_at\": null, \"expired\": false, \"locked\": false, \"locked_at\": null, \"locked_by\": null, \"first_published_at\": null, \"last_published_at\": null, \"latest_revision_created_at\": null, \"live_revision\": null, \"alias_of\": null, \"comments\": []}", "approved_go_live_at": null}}, {"model": "wagtailcore.pagerevision", "pk": 3, "fields": {"page": 5, "submitted_for_moderation": false, "created_at": "2021-06-11T15:49:26.382Z", "user": 1, "content_json": "{\"pk\": 5, \"path\": \"000100010002\", \"depth\": 3, \"numchild\": 0, \"translation_key\": \"a4cb6b84-767c-4800-9e7d-debd6e11eeff\", \"locale\": 1, \"title\": \"Faculty Load\", \"draft_title\": \"Faculty Load\", \"slug\": \"faculty-load\", \"content_type\": 19, \"live\": true, \"has_unpublished_changes\": false, \"url_path\": \"/welcome-to-tup-faculty-loading/faculty-load/\", \"owner\": 1, \"seo_title\": \"\", \"show_in_menus\": false, \"search_description\": \"\", \"go_live_at\": null, \"expire_at\": null, \"expired\": false, \"locked\": false, \"locked_at\": null, \"locked_by\": null, \"first_published_at\": null, \"last_published_at\": null, \"latest_revision_created_at\": null, \"live_revision\": null, \"alias_of\": null, \"comments\": []}", "approved_go_live_at": null}}, {"model": "wagtailcore.pagerevision", "pk": 4, "fields": {"page": 6, "submitted_for_moderation": false, "created_at": "2021-06-11T15:49:36.118Z", "user": 1, "content_json": "{\"pk\": 6, \"path\": \"000100010003\", \"depth\": 3, \"numchild\": 0, \"translation_key\": \"c74bf153-9a65-4cdc-8d14-43d6e6958d38\", \"locale\": 1, \"title\": \"Faculty Loading\", \"draft_title\": \"Faculty Loading\", \"slug\": \"faculty-loading\", \"content_type\": 20, \"live\": true, \"has_unpublished_changes\": false, \"url_path\": \"/welcome-to-tup-faculty-loading/faculty-loading/\", \"owner\": 1, \"seo_title\": \"\", \"show_in_menus\": false, \"search_description\": \"\", \"go_live_at\": null, \"expire_at\": null, \"expired\": false, \"locked\": false, \"locked_at\": null, \"locked_by\": null, \"first_published_at\": null, \"last_published_at\": null, \"latest_revision_created_at\": null, \"live_revision\": null, \"alias_of\": null, \"comments\": []}", "approved_go_live_at": null}}, {"model": "wagtailcore.pagerevision", "pk": 5, "fields": {"page": 7, "submitted_for_moderation": false, "created_at": "2021-06-11T15:49:51.350Z", "user": 1, "content_json": "{\"pk\": 7, \"path\": \"000100010004\", \"depth\": 3, \"numchild\": 0, \"translation_key\": \"f8bc124d-b9ac-4d1f-ab1d-1403b90cfd28\", \"locale\": 1, \"title\": \"Time Load\", \"draft_title\": \"Time Load\", \"slug\": \"time-load\", \"content_type\": 9, \"live\": true, \"has_unpublished_changes\": false, \"url_path\": \"/welcome-to-tup-faculty-loading/time-load/\", \"owner\": 1, \"seo_title\": \"\", \"show_in_menus\": false, \"search_description\": \"\", \"go_live_at\": null, \"expire_at\": null, \"expired\": false, \"locked\": false, \"locked_at\": null, \"locked_by\": null, \"first_published_at\": null, \"last_published_at\": null, \"latest_revision_created_at\": null, \"live_revision\": null, \"alias_of\": null, \"comments\": []}", "approved_go_live_at": null}}, {"model": "wagtailcore.pagerevision", "pk": 6, "fields": {"page": 8, "submitted_for_moderation": false, "created_at": "2021-06-11T15:50:10.336Z", "user": 1, "content_json": "{\"pk\": 8, \"path\": \"0001000100010001\", \"depth\": 4, \"numchild\": 0, \"translation_key\": \"77a6d16e-1e13-4c8b-8e57-7045932317ea\", \"locale\": 1, \"title\": \"Faculty Load\", \"draft_title\": \"Faculty Load\", \"slug\": \"faculty-load\", \"content_type\": 18, \"live\": true, \"has_unpublished_changes\": false, \"url_path\": \"/welcome-to-tup-faculty-loading/department-head-page/faculty-load/\", \"owner\": 1, \"seo_title\": \"\", \"show_in_menus\": false, \"search_description\": \"\", \"go_live_at\": null, \"expire_at\": null, \"expired\": false, \"locked\": false, \"locked_at\": null, \"locked_by\": null, \"first_published_at\": null, \"last_published_at\": null, \"latest_revision_created_at\": null, \"live_revision\": null, \"alias_of\": null, \"comments\": []}", "approved_go_live_at": null}}, {"model": "wagtailcore.pagerevision", "pk": 7, "fields": {"page": 9, "submitted_for_moderation": false, "created_at": "2021-06-11T15:50:19.250Z", "user": 1, "content_json": "{\"pk\": 9, \"path\": \"0001000100010002\", \"depth\": 4, \"numchild\": 0, \"translation_key\": \"770b7bb8-8c91-4819-a309-9d4e1125103b\", \"locale\": 1, \"title\": \"Faculty Loading\", \"draft_title\": \"Faculty Loading\", \"slug\": \"faculty-loading\", \"content_type\": 17, \"live\": true, \"has_unpublished_changes\": false, \"url_path\": \"/welcome-to-tup-faculty-loading/department-head-page/faculty-loading/\", \"owner\": 1, \"seo_title\": \"\", \"show_in_menus\": false, \"search_description\": \"\", \"go_live_at\": null, \"expire_at\": null, \"expired\": false, \"locked\": false, \"locked_at\": null, \"locked_by\": null, \"first_published_at\": null, \"last_published_at\": null, \"latest_revision_created_at\": null, \"live_revision\": null, \"alias_of\": null, \"comments\": []}", "approved_go_live_at": null}}, {"model": "wagtailcore.pagerevision", "pk": 8, "fields": {"page": 7, "submitted_for_moderation": false, "created_at": "2021-06-11T15:50:46.691Z", "user": 1, "content_json": "{\"pk\": 7, \"path\": \"000100010004\", \"depth\": 3, \"numchild\": 0, \"translation_key\": \"f8bc124d-b9ac-4d1f-ab1d-1403b90cfd28\", \"locale\": 1, \"title\": \"Time Load\", \"draft_title\": \"Time Load\", \"slug\": \"time-load\", \"content_type\": 9, \"live\": true, \"has_unpublished_changes\": false, \"url_path\": \"/welcome-to-tup-faculty-loading/time-load/\", \"owner\": 1, \"seo_title\": \"\", \"show_in_menus\": false, \"search_description\": \"\", \"go_live_at\": null, \"expire_at\": null, \"expired\": false, \"locked\": false, \"locked_at\": null, \"locked_by\": null, \"first_published_at\": \"2021-06-11T15:49:51.388Z\", \"last_published_at\": \"2021-06-11T15:49:51.388Z\", \"latest_revision_created_at\": \"2021-06-11T15:49:51.350Z\", \"live_revision\": 5, \"alias_of\": null, \"comments\": []}", "approved_go_live_at": null}}, {"model": "wagtailcore.pagerevision", "pk": 9, "fields": {"page": 6, "submitted_for_moderation": false, "created_at": "2021-06-11T15:51:01.907Z", "user": 1, "content_json": "{\"pk\": 6, \"path\": \"000100010003\", \"depth\": 3, \"numchild\": 0, \"translation_key\": \"c74bf153-9a65-4cdc-8d14-43d6e6958d38\", \"locale\": 1, \"title\": \"Faculty Loading\", \"draft_title\": \"Faculty Loading\", \"slug\": \"faculty-loading\", \"content_type\": 20, \"live\": true, \"has_unpublished_changes\": false, \"url_path\": \"/welcome-to-tup-faculty-loading/faculty-loading/\", \"owner\": 1, \"seo_title\": \"\", \"show_in_menus\": false, \"search_description\": \"\", \"go_live_at\": null, \"expire_at\": null, \"expired\": false, \"locked\": false, \"locked_at\": null, \"locked_by\": null, \"first_published_at\": \"2021-06-11T15:49:36.159Z\", \"last_published_at\": \"2021-06-11T15:49:36.159Z\", \"latest_revision_created_at\": \"2021-06-11T15:49:36.118Z\", \"live_revision\": 4, \"alias_of\": null, \"comments\": []}", "approved_go_live_at": null}}, {"model": "wagtailcore.pagerevision", "pk": 10, "fields": {"page": 5, "submitted_for_moderation": false, "created_at": "2021-06-11T15:51:14.225Z", "user": 1, "content_json": "{\"pk\": 5, \"path\": \"000100010002\", \"depth\": 3, \"numchild\": 0, \"translation_key\": \"a4cb6b84-767c-4800-9e7d-debd6e11eeff\", \"locale\": 1, \"title\": \"Faculty Load\", \"draft_title\": \"Faculty Load\", \"slug\": \"faculty-load\", \"content_type\": 19, \"live\": true, \"has_unpublished_changes\": false, \"url_path\": \"/welcome-to-tup-faculty-loading/faculty-load/\", \"owner\": 1, \"seo_title\": \"\", \"show_in_menus\": false, \"search_description\": \"\", \"go_live_at\": null, \"expire_at\": null, \"expired\": false, \"locked\": false, \"locked_at\": null, \"locked_by\": null, \"first_published_at\": \"2021-06-11T15:49:26.420Z\", \"last_published_at\": \"2021-06-11T15:49:26.420Z\", \"latest_revision_created_at\": \"2021-06-11T15:49:26.382Z\", \"live_revision\": 3, \"alias_of\": null, \"comments\": []}", "approved_go_live_at": null}}, {"model": "wagtailcore.pagerevision", "pk": 11, "fields": {"page": 4, "submitted_for_moderation": false, "created_at": "2021-06-11T15:51:30.683Z", "user": 1, "content_json": "{\"pk\": 4, \"path\": \"000100010001\", \"depth\": 3, \"numchild\": 2, \"translation_key\": \"d5970eca-0317-4dbe-abb7-dd0f8b74b36a\", \"locale\": 1, \"title\": \"Department Head Page\", \"draft_title\": \"Department Head Page\", \"slug\": \"department-head-page\", \"content_type\": 16, \"live\": true, \"has_unpublished_changes\": false, \"url_path\": \"/welcome-to-tup-faculty-loading/department-head-page/\", \"owner\": 1, \"seo_title\": \"\", \"show_in_menus\": false, \"search_description\": \"\", \"go_live_at\": null, \"expire_at\": null, \"expired\": false, \"locked\": false, \"locked_at\": null, \"locked_by\": null, \"first_published_at\": \"2021-06-11T15:49:11.284Z\", \"last_published_at\": \"2021-06-11T15:49:11.284Z\", \"latest_revision_created_at\": \"2021-06-11T15:49:11.249Z\", \"live_revision\": 2, \"alias_of\": null, \"comments\": []}", "approved_go_live_at": null}}, {"model": "wagtailcore.pageviewrestriction", "pk": 1, "fields": {"restriction_type": "groups", "password": "", "page": 7, "groups": [3, 4]}}, {"model": "wagtailcore.pageviewrestriction", "pk": 2, "fields": {"restriction_type": "groups", "password": "", "page": 6, "groups": [3, 4]}}, {"model": "wagtailcore.pageviewrestriction", "pk": 3, "fields": {"restriction_type": "groups", "password": "", "page": 5, "groups": [3, 4]}}, {"model": "wagtailcore.pageviewrestriction", "pk": 4, "fields": {"restriction_type": "groups", "password": "", "page": 4, "groups": [4]}}, {"model": "wagtailcore.collection", "pk": 1, "fields": {"path": "0001", "depth": 1, "numchild": 0, "name": "Root"}}, {"model": "wagtailcore.workflowpage", "pk": 1, "fields": {"workflow": 1}}, {"model": "wagtailcore.workflowtask", "pk": 1, "fields": {"sort_order": 0, "workflow": 1, "task": 1}}, {"model": "wagtailcore.task", "pk": 1, "fields": {"name": "Moderators approval", "content_type": 2, "active": true}}, {"model": "wagtailcore.workflow", "pk": 1, "fields": {"name": "Moderators approval", "active": true}}, {"model": "wagtailcore.groupapprovaltask", "pk": 1, "fields": {"groups": []}}, {"model": "wagtailcore.pagelogentry", "pk": 1, "fields": {"content_type": 1, "label": "Welcome to your new Wagtail site!", "action": "wagtail.delete", "data_json": "\"\"", "timestamp": "2021-06-11T15:48:23.136Z", "user": 1, "content_changed": false, "deleted": true, "page": 2, "revision": null}}, {"model": "wagtailcore.pagelogentry", "pk": 2, "fields": {"content_type": 7, "label": "Welcome to TUP Faculty Loading", "action": "wagtail.create", "data_json": "\"\"", "timestamp": "2021-06-11T15:48:45.645Z", "user": 1, "content_changed": true, "deleted": false, "page": 3, "revision": null}}, {"model": "wagtailcore.pagelogentry", "pk": 3, "fields": {"content_type": 7, "label": "Welcome to TUP Faculty Loading", "action": "wagtail.publish", "data_json": "null", "timestamp": "2021-06-11T15:48:45.769Z", "user": 1, "content_changed": true, "deleted": false, "page": 3, "revision": 1}}, {"model": "wagtailcore.pagelogentry", "pk": 4, "fields": {"content_type": 16, "label": "Department Head Page", "action": "wagtail.create", "data_json": "\"\"", "timestamp": "2021-06-11T15:49:11.224Z", "user": 1, "content_changed": true, "deleted": false, "page": 4, "revision": null}}, {"model": "wagtailcore.pagelogentry", "pk": 5, "fields": {"content_type": 16, "label": "Department Head Page", "action": "wagtail.publish", "data_json": "null", "timestamp": "2021-06-11T15:49:11.336Z", "user": 1, "content_changed": true, "deleted": false, "page": 4, "revision": 2}}, {"model": "wagtailcore.pagelogentry", "pk": 6, "fields": {"content_type": 19, "label": "Faculty Load", "action": "wagtail.create", "data_json": "\"\"", "timestamp": "2021-06-11T15:49:26.349Z", "user": 1, "content_changed": true, "deleted": false, "page": 5, "revision": null}}, {"model": "wagtailcore.pagelogentry", "pk": 7, "fields": {"content_type": 19, "label": "Faculty Load", "action": "wagtail.publish", "data_json": "null", "timestamp": "2021-06-11T15:49:26.476Z", "user": 1, "content_changed": true, "deleted": false, "page": 5, "revision": 3}}, {"model": "wagtailcore.pagelogentry", "pk": 8, "fields": {"content_type": 20, "label": "Faculty Loading", "action": "wagtail.create", "data_json": "\"\"", "timestamp": "2021-06-11T15:49:36.088Z", "user": 1, "content_changed": true, "deleted": false, "page": 6, "revision": null}}, {"model": "wagtailcore.pagelogentry", "pk": 9, "fields": {"content_type": 20, "label": "Faculty Loading", "action": "wagtail.publish", "data_json": "null", "timestamp": "2021-06-11T15:49:36.223Z", "user": 1, "content_changed": true, "deleted": false, "page": 6, "revision": 4}}, {"model": "wagtailcore.pagelogentry", "pk": 10, "fields": {"content_type": 9, "label": "Time Load", "action": "wagtail.create", "data_json": "\"\"", "timestamp": "2021-06-11T15:49:51.321Z", "user": 1, "content_changed": true, "deleted": false, "page": 7, "revision": null}}, {"model": "wagtailcore.pagelogentry", "pk": 11, "fields": {"content_type": 9, "label": "Time Load", "action": "wagtail.publish", "data_json": "null", "timestamp": "2021-06-11T15:49:51.441Z", "user": 1, "content_changed": true, "deleted": false, "page": 7, "revision": 5}}, {"model": "wagtailcore.pagelogentry", "pk": 12, "fields": {"content_type": 18, "label": "Faculty Load", "action": "wagtail.create", "data_json": "\"\"", "timestamp": "2021-06-11T15:50:10.306Z", "user": 1, "content_changed": true, "deleted": false, "page": 8, "revision": null}}, {"model": "wagtailcore.pagelogentry", "pk": 13, "fields": {"content_type": 18, "label": "Faculty Load", "action": "wagtail.publish", "data_json": "null", "timestamp": "2021-06-11T15:50:10.433Z", "user": 1, "content_changed": true, "deleted": false, "page": 8, "revision": 6}}, {"model": "wagtailcore.pagelogentry", "pk": 14, "fields": {"content_type": 17, "label": "Faculty Loading", "action": "wagtail.create", "data_json": "\"\"", "timestamp": "2021-06-11T15:50:19.219Z", "user": 1, "content_changed": true, "deleted": false, "page": 9, "revision": null}}, {"model": "wagtailcore.pagelogentry", "pk": 15, "fields": {"content_type": 17, "label": "Faculty Loading", "action": "wagtail.publish", "data_json": "null", "timestamp": "2021-06-11T15:50:19.340Z", "user": 1, "content_changed": true, "deleted": false, "page": 9, "revision": 7}}, {"model": "wagtailcore.pagelogentry", "pk": 16, "fields": {"content_type": 9, "label": "Time Load", "action": "wagtail.view_restriction.create", "data_json": "{\"restriction\": {\"type\": \"groups\", \"title\": \"Private, accessible to users in specific groups\"}}", "timestamp": "2021-06-11T15:50:42.602Z", "user": 1, "content_changed": false, "deleted": false, "page": 7, "revision": null}}, {"model": "wagtailcore.pagelogentry", "pk": 17, "fields": {"content_type": 9, "label": "Time Load", "action": "wagtail.edit", "data_json": "\"\"", "timestamp": "2021-06-11T15:50:46.711Z", "user": 1, "content_changed": true, "deleted": false, "page": 7, "revision": 8}}, {"model": "wagtailcore.pagelogentry", "pk": 18, "fields": {"content_type": 9, "label": "Time Load", "action": "wagtail.publish", "data_json": "null", "timestamp": "2021-06-11T15:50:46.804Z", "user": 1, "content_changed": false, "deleted": false, "page": 7, "revision": 8}}, {"model": "wagtailcore.pagelogentry", "pk": 19, "fields": {"content_type": 20, "label": "Faculty Loading", "action": "wagtail.view_restriction.create", "data_json": "{\"restriction\": {\"type\": \"groups\", \"title\": \"Private, accessible to users in specific groups\"}}", "timestamp": "2021-06-11T15:50:58.205Z", "user": 1, "content_changed": false, "deleted": false, "page": 6, "revision": null}}, {"model": "wagtailcore.pagelogentry", "pk": 20, "fields": {"content_type": 20, "label": "Faculty Loading", "action": "wagtail.edit", "data_json": "\"\"", "timestamp": "2021-06-11T15:51:01.926Z", "user": 1, "content_changed": true, "deleted": false, "page": 6, "revision": 9}}, {"model": "wagtailcore.pagelogentry", "pk": 21, "fields": {"content_type": 20, "label": "Faculty Loading", "action": "wagtail.publish", "data_json": "null", "timestamp": "2021-06-11T15:51:02.021Z", "user": 1, "content_changed": false, "deleted": false, "page": 6, "revision": 9}}, {"model": "wagtailcore.pagelogentry", "pk": 22, "fields": {"content_type": 19, "label": "Faculty Load", "action": "wagtail.view_restriction.create", "data_json": "{\"restriction\": {\"type\": \"groups\", \"title\": \"Private, accessible to users in specific groups\"}}", "timestamp": "2021-06-11T15:51:11.783Z", "user": 1, "content_changed": false, "deleted": false, "page": 5, "revision": null}}, {"model": "wagtailcore.pagelogentry", "pk": 23, "fields": {"content_type": 19, "label": "Faculty Load", "action": "wagtail.edit", "data_json": "\"\"", "timestamp": "2021-06-11T15:51:14.245Z", "user": 1, "content_changed": true, "deleted": false, "page": 5, "revision": 10}}, {"model": "wagtailcore.pagelogentry", "pk": 24, "fields": {"content_type": 19, "label": "Faculty Load", "action": "wagtail.publish", "data_json": "null", "timestamp": "2021-06-11T15:51:14.335Z", "user": 1, "content_changed": false, "deleted": false, "page": 5, "revision": 10}}, {"model": "wagtailcore.pagelogentry", "pk": 25, "fields": {"content_type": 16, "label": "Department Head Page", "action": "wagtail.view_restriction.create", "data_json": "{\"restriction\": {\"type\": \"groups\", \"title\": \"Private, accessible to users in specific groups\"}}", "timestamp": "2021-06-11T15:51:27.133Z", "user": 1, "content_changed": false, "deleted": false, "page": 4, "revision": null}}, {"model": "wagtailcore.pagelogentry", "pk": 26, "fields": {"content_type": 16, "label": "Department Head Page", "action": "wagtail.edit", "data_json": "\"\"", "timestamp": "2021-06-11T15:51:30.701Z", "user": 1, "content_changed": true, "deleted": false, "page": 4, "revision": 11}}, {"model": "wagtailcore.pagelogentry", "pk": 27, "fields": {"content_type": 16, "label": "Department Head Page", "action": "wagtail.publish", "data_json": "null", "timestamp": "2021-06-11T15:51:30.786Z", "user": 1, "content_changed": false, "deleted": false, "page": 4, "revision": 11}}, {"model": "wagtailcore.pagesubscription", "pk": 1, "fields": {"user": 1, "page": 3, "comment_notifications": true}}, {"model": "wagtailcore.pagesubscription", "pk": 2, "fields": {"user": 1, "page": 4, "comment_notifications": true}}, {"model": "wagtailcore.pagesubscription", "pk": 3, "fields": {"user": 1, "page": 5, "comment_notifications": true}}, {"model": "wagtailcore.pagesubscription", "pk": 4, "fields": {"user": 1, "page": 6, "comment_notifications": true}}, {"model": "wagtailcore.pagesubscription", "pk": 5, "fields": {"user": 1, "page": 7, "comment_notifications": true}}, {"model": "wagtailcore.pagesubscription", "pk": 6, "fields": {"user": 1, "page": 8, "comment_notifications": true}}, {"model": "wagtailcore.pagesubscription", "pk": 7, "fields": {"user": 1, "page": 9, "comment_notifications": true}}, {"model": "auth.permission", "pk": 1, "fields": {"name": "Can access Wagtail admin", "content_type": 3, "codename": "access_admin"}}, {"model": "auth.permission", "pk": 2, "fields": {"name": "Can add document", "content_type": 4, "codename": "add_document"}}, {"model": "auth.permission", "pk": 3, "fields": {"name": "Can change document", "content_type": 4, "codename": "change_document"}}, {"model": "auth.permission", "pk": 4, "fields": {"name": "Can delete document", "content_type": 4, "codename": "delete_document"}}, {"model": "auth.permission", "pk": 5, "fields": {"name": "Can choose document", "content_type": 4, "codename": "choose_document"}}, {"model": "auth.permission", "pk": 6, "fields": {"name": "Can add image", "content_type": 5, "codename": "add_image"}}, {"model": "auth.permission", "pk": 7, "fields": {"name": "Can change image", "content_type": 5, "codename": "change_image"}}, {"model": "auth.permission", "pk": 8, "fields": {"name": "Can delete image", "content_type": 5, "codename": "delete_image"}}, {"model": "auth.permission", "pk": 9, "fields": {"name": "Can choose image", "content_type": 5, "codename": "choose_image"}}, {"model": "auth.permission", "pk": 10, "fields": {"name": "Can add Professor", "content_type": 6, "codename": "add_professor"}}, {"model": "auth.permission", "pk": 11, "fields": {"name": "Can change Professor", "content_type": 6, "codename": "change_professor"}}, {"model": "auth.permission", "pk": 12, "fields": {"name": "Can delete Professor", "content_type": 6, "codename": "delete_professor"}}, {"model": "auth.permission", "pk": 13, "fields": {"name": "Can view Professor", "content_type": 6, "codename": "view_professor"}}, {"model": "auth.permission", "pk": 14, "fields": {"name": "Can add base page", "content_type": 7, "codename": "add_basepage"}}, {"model": "auth.permission", "pk": 15, "fields": {"name": "Can change base page", "content_type": 7, "codename": "change_basepage"}}, {"model": "auth.permission", "pk": 16, "fields": {"name": "Can delete base page", "content_type": 7, "codename": "delete_basepage"}}, {"model": "auth.permission", "pk": 17, "fields": {"name": "Can view base page", "content_type": 7, "codename": "view_basepage"}}, {"model": "auth.permission", "pk": 18, "fields": {"name": "Can add room", "content_type": 8, "codename": "add_room"}}, {"model": "auth.permission", "pk": 19, "fields": {"name": "Can change room", "content_type": 8, "codename": "change_room"}}, {"model": "auth.permission", "pk": 20, "fields": {"name": "Can delete room", "content_type": 8, "codename": "delete_room"}}, {"model": "auth.permission", "pk": 21, "fields": {"name": "Can view room", "content_type": 8, "codename": "view_room"}}, {"model": "auth.permission", "pk": 22, "fields": {"name": "Can add time load", "content_type": 9, "codename": "add_timeload"}}, {"model": "auth.permission", "pk": 23, "fields": {"name": "Can change time load", "content_type": 9, "codename": "change_timeload"}}, {"model": "auth.permission", "pk": 24, "fields": {"name": "Can delete time load", "content_type": 9, "codename": "delete_timeload"}}, {"model": "auth.permission", "pk": 25, "fields": {"name": "Can view time load", "content_type": 9, "codename": "view_timeload"}}, {"model": "auth.permission", "pk": 26, "fields": {"name": "Can add subject", "content_type": 10, "codename": "add_subject"}}, {"model": "auth.permission", "pk": 27, "fields": {"name": "Can change subject", "content_type": 10, "codename": "change_subject"}}, {"model": "auth.permission", "pk": 28, "fields": {"name": "Can delete subject", "content_type": 10, "codename": "delete_subject"}}, {"model": "auth.permission", "pk": 29, "fields": {"name": "Can view subject", "content_type": 10, "codename": "view_subject"}}, {"model": "auth.permission", "pk": 30, "fields": {"name": "Can add schedule", "content_type": 11, "codename": "add_schedule"}}, {"model": "auth.permission", "pk": 31, "fields": {"name": "Can change schedule", "content_type": 11, "codename": "change_schedule"}}, {"model": "auth.permission", "pk": 32, "fields": {"name": "Can delete schedule", "content_type": 11, "codename": "delete_schedule"}}, {"model": "auth.permission", "pk": 33, "fields": {"name": "Can view schedule", "content_type": 11, "codename": "view_schedule"}}, {"model": "auth.permission", "pk": 34, "fields": {"name": "Can add College", "content_type": 12, "codename": "add_college"}}, {"model": "auth.permission", "pk": 35, "fields": {"name": "Can change College", "content_type": 12, "codename": "change_college"}}, {"model": "auth.permission", "pk": 36, "fields": {"name": "Can delete College", "content_type": 12, "codename": "delete_college"}}, {"model": "auth.permission", "pk": 37, "fields": {"name": "Can view College", "content_type": 12, "codename": "view_college"}}, {"model": "auth.permission", "pk": 38, "fields": {"name": "Can add Course", "content_type": 13, "codename": "add_course"}}, {"model": "auth.permission", "pk": 39, "fields": {"name": "Can change Course", "content_type": 13, "codename": "change_course"}}, {"model": "auth.permission", "pk": 40, "fields": {"name": "Can delete Course", "content_type": 13, "codename": "delete_course"}}, {"model": "auth.permission", "pk": 41, "fields": {"name": "Can view Course", "content_type": 13, "codename": "view_course"}}, {"model": "auth.permission", "pk": 42, "fields": {"name": "Can add section", "content_type": 14, "codename": "add_section"}}, {"model": "auth.permission", "pk": 43, "fields": {"name": "Can change section", "content_type": 14, "codename": "change_section"}}, {"model": "auth.permission", "pk": 44, "fields": {"name": "Can delete section", "content_type": 14, "codename": "delete_section"}}, {"model": "auth.permission", "pk": 45, "fields": {"name": "Can view section", "content_type": 14, "codename": "view_section"}}, {"model": "auth.permission", "pk": 46, "fields": {"name": "Can add Department", "content_type": 15, "codename": "add_department"}}, {"model": "auth.permission", "pk": 47, "fields": {"name": "Can change Department", "content_type": 15, "codename": "change_department"}}, {"model": "auth.permission", "pk": 48, "fields": {"name": "Can delete Department", "content_type": 15, "codename": "delete_department"}}, {"model": "auth.permission", "pk": 49, "fields": {"name": "Can view Department", "content_type": 15, "codename": "view_department"}}, {"model": "auth.permission", "pk": 50, "fields": {"name": "Can add Department Head Page", "content_type": 16, "codename": "add_departmentheadindexpage"}}, {"model": "auth.permission", "pk": 51, "fields": {"name": "Can change Department Head Page", "content_type": 16, "codename": "change_departmentheadindexpage"}}, {"model": "auth.permission", "pk": 52, "fields": {"name": "Can delete Department Head Page", "content_type": 16, "codename": "delete_departmentheadindexpage"}}, {"model": "auth.permission", "pk": 53, "fields": {"name": "Can view Department Head Page", "content_type": 16, "codename": "view_departmentheadindexpage"}}, {"model": "auth.permission", "pk": 54, "fields": {"name": "Can add faculty loading page", "content_type": 17, "codename": "add_facultyloadingpage"}}, {"model": "auth.permission", "pk": 55, "fields": {"name": "Can change faculty loading page", "content_type": 17, "codename": "change_facultyloadingpage"}}, {"model": "auth.permission", "pk": 56, "fields": {"name": "Can delete faculty loading page", "content_type": 17, "codename": "delete_facultyloadingpage"}}, {"model": "auth.permission", "pk": 57, "fields": {"name": "Can view faculty loading page", "content_type": 17, "codename": "view_facultyloadingpage"}}, {"model": "auth.permission", "pk": 58, "fields": {"name": "Can add faculty load page", "content_type": 18, "codename": "add_facultyloadpage"}}, {"model": "auth.permission", "pk": 59, "fields": {"name": "Can change faculty load page", "content_type": 18, "codename": "change_facultyloadpage"}}, {"model": "auth.permission", "pk": 60, "fields": {"name": "Can delete faculty load page", "content_type": 18, "codename": "delete_facultyloadpage"}}, {"model": "auth.permission", "pk": 61, "fields": {"name": "Can view faculty load page", "content_type": 18, "codename": "view_facultyloadpage"}}, {"model": "auth.permission", "pk": 62, "fields": {"name": "Can add faculty load", "content_type": 19, "codename": "add_facultyload"}}, {"model": "auth.permission", "pk": 63, "fields": {"name": "Can change faculty load", "content_type": 19, "codename": "change_facultyload"}}, {"model": "auth.permission", "pk": 64, "fields": {"name": "Can delete faculty load", "content_type": 19, "codename": "delete_facultyload"}}, {"model": "auth.permission", "pk": 65, "fields": {"name": "Can view faculty load", "content_type": 19, "codename": "view_facultyload"}}, {"model": "auth.permission", "pk": 66, "fields": {"name": "Can add faculty loading", "content_type": 20, "codename": "add_facultyloading"}}, {"model": "auth.permission", "pk": 67, "fields": {"name": "Can change faculty loading", "content_type": 20, "codename": "change_facultyloading"}}, {"model": "auth.permission", "pk": 68, "fields": {"name": "Can delete faculty loading", "content_type": 20, "codename": "delete_facultyloading"}}, {"model": "auth.permission", "pk": 69, "fields": {"name": "Can view faculty loading", "content_type": 20, "codename": "view_facultyloading"}}, {"model": "auth.permission", "pk": 70, "fields": {"name": "Can add Faculty Loading", "content_type": 21, "codename": "add_facultyloadmodel"}}, {"model": "auth.permission", "pk": 71, "fields": {"name": "Can change Faculty Loading", "content_type": 21, "codename": "change_facultyloadmodel"}}, {"model": "auth.permission", "pk": 72, "fields": {"name": "Can delete Faculty Loading", "content_type": 21, "codename": "delete_facultyloadmodel"}}, {"model": "auth.permission", "pk": 73, "fields": {"name": "Can view Faculty Loading", "content_type": 21, "codename": "view_facultyloadmodel"}}, {"model": "auth.permission", "pk": 74, "fields": {"name": "Can add form submission", "content_type": 22, "codename": "add_formsubmission"}}, {"model": "auth.permission", "pk": 75, "fields": {"name": "Can change form submission", "content_type": 22, "codename": "change_formsubmission"}}, {"model": "auth.permission", "pk": 76, "fields": {"name": "Can delete form submission", "content_type": 22, "codename": "delete_formsubmission"}}, {"model": "auth.permission", "pk": 77, "fields": {"name": "Can view form submission", "content_type": 22, "codename": "view_formsubmission"}}, {"model": "auth.permission", "pk": 78, "fields": {"name": "Can add redirect", "content_type": 23, "codename": "add_redirect"}}, {"model": "auth.permission", "pk": 79, "fields": {"name": "Can change redirect", "content_type": 23, "codename": "change_redirect"}}, {"model": "auth.permission", "pk": 80, "fields": {"name": "Can delete redirect", "content_type": 23, "codename": "delete_redirect"}}, {"model": "auth.permission", "pk": 81, "fields": {"name": "Can view redirect", "content_type": 23, "codename": "view_redirect"}}, {"model": "auth.permission", "pk": 82, "fields": {"name": "Can add embed", "content_type": 24, "codename": "add_embed"}}, {"model": "auth.permission", "pk": 83, "fields": {"name": "Can change embed", "content_type": 24, "codename": "change_embed"}}, {"model": "auth.permission", "pk": 84, "fields": {"name": "Can delete embed", "content_type": 24, "codename": "delete_embed"}}, {"model": "auth.permission", "pk": 85, "fields": {"name": "Can view embed", "content_type": 24, "codename": "view_embed"}}, {"model": "auth.permission", "pk": 86, "fields": {"name": "Can add user profile", "content_type": 25, "codename": "add_userprofile"}}, {"model": "auth.permission", "pk": 87, "fields": {"name": "Can change user profile", "content_type": 25, "codename": "change_userprofile"}}, {"model": "auth.permission", "pk": 88, "fields": {"name": "Can delete user profile", "content_type": 25, "codename": "delete_userprofile"}}, {"model": "auth.permission", "pk": 89, "fields": {"name": "Can view user profile", "content_type": 25, "codename": "view_userprofile"}}, {"model": "auth.permission", "pk": 90, "fields": {"name": "Can view document", "content_type": 4, "codename": "view_document"}}, {"model": "auth.permission", "pk": 91, "fields": {"name": "Can add uploaded document", "content_type": 26, "codename": "add_uploadeddocument"}}, {"model": "auth.permission", "pk": 92, "fields": {"name": "Can change uploaded document", "content_type": 26, "codename": "change_uploadeddocument"}}, {"model": "auth.permission", "pk": 93, "fields": {"name": "Can delete uploaded document", "content_type": 26, "codename": "delete_uploadeddocument"}}, {"model": "auth.permission", "pk": 94, "fields": {"name": "Can view uploaded document", "content_type": 26, "codename": "view_uploadeddocument"}}, {"model": "auth.permission", "pk": 95, "fields": {"name": "Can view image", "content_type": 5, "codename": "view_image"}}, {"model": "auth.permission", "pk": 96, "fields": {"name": "Can add rendition", "content_type": 27, "codename": "add_rendition"}}, {"model": "auth.permission", "pk": 97, "fields": {"name": "Can change rendition", "content_type": 27, "codename": "change_rendition"}}, {"model": "auth.permission", "pk": 98, "fields": {"name": "Can delete rendition", "content_type": 27, "codename": "delete_rendition"}}, {"model": "auth.permission", "pk": 99, "fields": {"name": "Can view rendition", "content_type": 27, "codename": "view_rendition"}}, {"model": "auth.permission", "pk": 100, "fields": {"name": "Can add uploaded image", "content_type": 28, "codename": "add_uploadedimage"}}, {"model": "auth.permission", "pk": 101, "fields": {"name": "Can change uploaded image", "content_type": 28, "codename": "change_uploadedimage"}}, {"model": "auth.permission", "pk": 102, "fields": {"name": "Can delete uploaded image", "content_type": 28, "codename": "delete_uploadedimage"}}, {"model": "auth.permission", "pk": 103, "fields": {"name": "Can view uploaded image", "content_type": 28, "codename": "view_uploadedimage"}}, {"model": "auth.permission", "pk": 104, "fields": {"name": "Can add query", "content_type": 29, "codename": "add_query"}}, {"model": "auth.permission", "pk": 105, "fields": {"name": "Can change query", "content_type": 29, "codename": "change_query"}}, {"model": "auth.permission", "pk": 106, "fields": {"name": "Can delete query", "content_type": 29, "codename": "delete_query"}}, {"model": "auth.permission", "pk": 107, "fields": {"name": "Can view query", "content_type": 29, "codename": "view_query"}}, {"model": "auth.permission", "pk": 108, "fields": {"name": "Can add Query Daily Hits", "content_type": 30, "codename": "add_querydailyhits"}}, {"model": "auth.permission", "pk": 109, "fields": {"name": "Can change Query Daily Hits", "content_type": 30, "codename": "change_querydailyhits"}}, {"model": "auth.permission", "pk": 110, "fields": {"name": "Can delete Query Daily Hits", "content_type": 30, "codename": "delete_querydailyhits"}}, {"model": "auth.permission", "pk": 111, "fields": {"name": "Can view Query Daily Hits", "content_type": 30, "codename": "view_querydailyhits"}}, {"model": "auth.permission", "pk": 112, "fields": {"name": "Can add page", "content_type": 1, "codename": "add_page"}}, {"model": "auth.permission", "pk": 113, "fields": {"name": "Can change page", "content_type": 1, "codename": "change_page"}}, {"model": "auth.permission", "pk": 114, "fields": {"name": "Can delete page", "content_type": 1, "codename": "delete_page"}}, {"model": "auth.permission", "pk": 115, "fields": {"name": "Can view page", "content_type": 1, "codename": "view_page"}}, {"model": "auth.permission", "pk": 116, "fields": {"name": "Can add group page permission", "content_type": 31, "codename": "add_grouppagepermission"}}, {"model": "auth.permission", "pk": 117, "fields": {"name": "Can change group page permission", "content_type": 31, "codename": "change_grouppagepermission"}}, {"model": "auth.permission", "pk": 118, "fields": {"name": "Can delete group page permission", "content_type": 31, "codename": "delete_grouppagepermission"}}, {"model": "auth.permission", "pk": 119, "fields": {"name": "Can view group page permission", "content_type": 31, "codename": "view_grouppagepermission"}}, {"model": "auth.permission", "pk": 120, "fields": {"name": "Can add page revision", "content_type": 32, "codename": "add_pagerevision"}}, {"model": "auth.permission", "pk": 121, "fields": {"name": "Can change page revision", "content_type": 32, "codename": "change_pagerevision"}}, {"model": "auth.permission", "pk": 122, "fields": {"name": "Can delete page revision", "content_type": 32, "codename": "delete_pagerevision"}}, {"model": "auth.permission", "pk": 123, "fields": {"name": "Can view page revision", "content_type": 32, "codename": "view_pagerevision"}}, {"model": "auth.permission", "pk": 124, "fields": {"name": "Can add page view restriction", "content_type": 33, "codename": "add_pageviewrestriction"}}, {"model": "auth.permission", "pk": 125, "fields": {"name": "Can change page view restriction", "content_type": 33, "codename": "change_pageviewrestriction"}}, {"model": "auth.permission", "pk": 126, "fields": {"name": "Can delete page view restriction", "content_type": 33, "codename": "delete_pageviewrestriction"}}, {"model": "auth.permission", "pk": 127, "fields": {"name": "Can view page view restriction", "content_type": 33, "codename": "view_pageviewrestriction"}}, {"model": "auth.permission", "pk": 128, "fields": {"name": "Can add site", "content_type": 34, "codename": "add_site"}}, {"model": "auth.permission", "pk": 129, "fields": {"name": "Can change site", "content_type": 34, "codename": "change_site"}}, {"model": "auth.permission", "pk": 130, "fields": {"name": "Can delete site", "content_type": 34, "codename": "delete_site"}}, {"model": "auth.permission", "pk": 131, "fields": {"name": "Can view site", "content_type": 34, "codename": "view_site"}}, {"model": "auth.permission", "pk": 132, "fields": {"name": "Can add collection", "content_type": 35, "codename": "add_collection"}}, {"model": "auth.permission", "pk": 133, "fields": {"name": "Can change collection", "content_type": 35, "codename": "change_collection"}}, {"model": "auth.permission", "pk": 134, "fields": {"name": "Can delete collection", "content_type": 35, "codename": "delete_collection"}}, {"model": "auth.permission", "pk": 135, "fields": {"name": "Can view collection", "content_type": 35, "codename": "view_collection"}}, {"model": "auth.permission", "pk": 136, "fields": {"name": "Can add group collection permission", "content_type": 36, "codename": "add_groupcollectionpermission"}}, {"model": "auth.permission", "pk": 137, "fields": {"name": "Can change group collection permission", "content_type": 36, "codename": "change_groupcollectionpermission"}}, {"model": "auth.permission", "pk": 138, "fields": {"name": "Can delete group collection permission", "content_type": 36, "codename": "delete_groupcollectionpermission"}}, {"model": "auth.permission", "pk": 139, "fields": {"name": "Can view group collection permission", "content_type": 36, "codename": "view_groupcollectionpermission"}}, {"model": "auth.permission", "pk": 140, "fields": {"name": "Can add collection view restriction", "content_type": 37, "codename": "add_collectionviewrestriction"}}, {"model": "auth.permission", "pk": 141, "fields": {"name": "Can change collection view restriction", "content_type": 37, "codename": "change_collectionviewrestriction"}}, {"model": "auth.permission", "pk": 142, "fields": {"name": "Can delete collection view restriction", "content_type": 37, "codename": "delete_collectionviewrestriction"}}, {"model": "auth.permission", "pk": 143, "fields": {"name": "Can view collection view restriction", "content_type": 37, "codename": "view_collectionviewrestriction"}}, {"model": "auth.permission", "pk": 144, "fields": {"name": "Can add task", "content_type": 38, "codename": "add_task"}}, {"model": "auth.permission", "pk": 145, "fields": {"name": "Can change task", "content_type": 38, "codename": "change_task"}}, {"model": "auth.permission", "pk": 146, "fields": {"name": "Can delete task", "content_type": 38, "codename": "delete_task"}}, {"model": "auth.permission", "pk": 147, "fields": {"name": "Can view task", "content_type": 38, "codename": "view_task"}}, {"model": "auth.permission", "pk": 148, "fields": {"name": "Can add Task state", "content_type": 39, "codename": "add_taskstate"}}, {"model": "auth.permission", "pk": 149, "fields": {"name": "Can change Task state", "content_type": 39, "codename": "change_taskstate"}}, {"model": "auth.permission", "pk": 150, "fields": {"name": "Can delete Task state", "content_type": 39, "codename": "delete_taskstate"}}, {"model": "auth.permission", "pk": 151, "fields": {"name": "Can view Task state", "content_type": 39, "codename": "view_taskstate"}}, {"model": "auth.permission", "pk": 152, "fields": {"name": "Can add workflow", "content_type": 40, "codename": "add_workflow"}}, {"model": "auth.permission", "pk": 153, "fields": {"name": "Can change workflow", "content_type": 40, "codename": "change_workflow"}}, {"model": "auth.permission", "pk": 154, "fields": {"name": "Can delete workflow", "content_type": 40, "codename": "delete_workflow"}}, {"model": "auth.permission", "pk": 155, "fields": {"name": "Can view workflow", "content_type": 40, "codename": "view_workflow"}}, {"model": "auth.permission", "pk": 156, "fields": {"name": "Can add Group approval task", "content_type": 2, "codename": "add_groupapprovaltask"}}, {"model": "auth.permission", "pk": 157, "fields": {"name": "Can change Group approval task", "content_type": 2, "codename": "change_groupapprovaltask"}}, {"model": "auth.permission", "pk": 158, "fields": {"name": "Can delete Group approval task", "content_type": 2, "codename": "delete_groupapprovaltask"}}, {"model": "auth.permission", "pk": 159, "fields": {"name": "Can view Group approval task", "content_type": 2, "codename": "view_groupapprovaltask"}}, {"model": "auth.permission", "pk": 160, "fields": {"name": "Can add Workflow state", "content_type": 41, "codename": "add_workflowstate"}}, {"model": "auth.permission", "pk": 161, "fields": {"name": "Can change Workflow state", "content_type": 41, "codename": "change_workflowstate"}}, {"model": "auth.permission", "pk": 162, "fields": {"name": "Can delete Workflow state", "content_type": 41, "codename": "delete_workflowstate"}}, {"model": "auth.permission", "pk": 163, "fields": {"name": "Can view Workflow state", "content_type": 41, "codename": "view_workflowstate"}}, {"model": "auth.permission", "pk": 164, "fields": {"name": "Can add workflow page", "content_type": 42, "codename": "add_workflowpage"}}, {"model": "auth.permission", "pk": 165, "fields": {"name": "Can change workflow page", "content_type": 42, "codename": "change_workflowpage"}}, {"model": "auth.permission", "pk": 166, "fields": {"name": "Can delete workflow page", "content_type": 42, "codename": "delete_workflowpage"}}, {"model": "auth.permission", "pk": 167, "fields": {"name": "Can view workflow page", "content_type": 42, "codename": "view_workflowpage"}}, {"model": "auth.permission", "pk": 168, "fields": {"name": "Can add workflow task order", "content_type": 43, "codename": "add_workflowtask"}}, {"model": "auth.permission", "pk": 169, "fields": {"name": "Can change workflow task order", "content_type": 43, "codename": "change_workflowtask"}}, {"model": "auth.permission", "pk": 170, "fields": {"name": "Can delete workflow task order", "content_type": 43, "codename": "delete_workflowtask"}}, {"model": "auth.permission", "pk": 171, "fields": {"name": "Can view workflow task order", "content_type": 43, "codename": "view_workflowtask"}}, {"model": "auth.permission", "pk": 172, "fields": {"name": "Can add page log entry", "content_type": 44, "codename": "add_pagelogentry"}}, {"model": "auth.permission", "pk": 173, "fields": {"name": "Can change page log entry", "content_type": 44, "codename": "change_pagelogentry"}}, {"model": "auth.permission", "pk": 174, "fields": {"name": "Can delete page log entry", "content_type": 44, "codename": "delete_pagelogentry"}}, {"model": "auth.permission", "pk": 175, "fields": {"name": "Can view page log entry", "content_type": 44, "codename": "view_pagelogentry"}}, {"model": "auth.permission", "pk": 176, "fields": {"name": "Can add locale", "content_type": 45, "codename": "add_locale"}}, {"model": "auth.permission", "pk": 177, "fields": {"name": "Can change locale", "content_type": 45, "codename": "change_locale"}}, {"model": "auth.permission", "pk": 178, "fields": {"name": "Can delete locale", "content_type": 45, "codename": "delete_locale"}}, {"model": "auth.permission", "pk": 179, "fields": {"name": "Can view locale", "content_type": 45, "codename": "view_locale"}}, {"model": "auth.permission", "pk": 180, "fields": {"name": "Can add comment", "content_type": 46, "codename": "add_comment"}}, {"model": "auth.permission", "pk": 181, "fields": {"name": "Can change comment", "content_type": 46, "codename": "change_comment"}}, {"model": "auth.permission", "pk": 182, "fields": {"name": "Can delete comment", "content_type": 46, "codename": "delete_comment"}}, {"model": "auth.permission", "pk": 183, "fields": {"name": "Can view comment", "content_type": 46, "codename": "view_comment"}}, {"model": "auth.permission", "pk": 184, "fields": {"name": "Can add comment reply", "content_type": 47, "codename": "add_commentreply"}}, {"model": "auth.permission", "pk": 185, "fields": {"name": "Can change comment reply", "content_type": 47, "codename": "change_commentreply"}}, {"model": "auth.permission", "pk": 186, "fields": {"name": "Can delete comment reply", "content_type": 47, "codename": "delete_commentreply"}}, {"model": "auth.permission", "pk": 187, "fields": {"name": "Can view comment reply", "content_type": 47, "codename": "view_commentreply"}}, {"model": "auth.permission", "pk": 188, "fields": {"name": "Can add page subscription", "content_type": 48, "codename": "add_pagesubscription"}}, {"model": "auth.permission", "pk": 189, "fields": {"name": "Can change page subscription", "content_type": 48, "codename": "change_pagesubscription"}}, {"model": "auth.permission", "pk": 190, "fields": {"name": "Can delete page subscription", "content_type": 48, "codename": "delete_pagesubscription"}}, {"model": "auth.permission", "pk": 191, "fields": {"name": "Can view page subscription", "content_type": 48, "codename": "view_pagesubscription"}}, {"model": "auth.permission", "pk": 192, "fields": {"name": "Can add tag", "content_type": 49, "codename": "add_tag"}}, {"model": "auth.permission", "pk": 193, "fields": {"name": "Can change tag", "content_type": 49, "codename": "change_tag"}}, {"model": "auth.permission", "pk": 194, "fields": {"name": "Can delete tag", "content_type": 49, "codename": "delete_tag"}}, {"model": "auth.permission", "pk": 195, "fields": {"name": "Can view tag", "content_type": 49, "codename": "view_tag"}}, {"model": "auth.permission", "pk": 196, "fields": {"name": "Can add tagged item", "content_type": 50, "codename": "add_taggeditem"}}, {"model": "auth.permission", "pk": 197, "fields": {"name": "Can change tagged item", "content_type": 50, "codename": "change_taggeditem"}}, {"model": "auth.permission", "pk": 198, "fields": {"name": "Can delete tagged item", "content_type": 50, "codename": "delete_taggeditem"}}, {"model": "auth.permission", "pk": 199, "fields": {"name": "Can view tagged item", "content_type": 50, "codename": "view_taggeditem"}}, {"model": "auth.permission", "pk": 200, "fields": {"name": "Can add log entry", "content_type": 51, "codename": "add_logentry"}}, {"model": "auth.permission", "pk": 201, "fields": {"name": "Can change log entry", "content_type": 51, "codename": "change_logentry"}}, {"model": "auth.permission", "pk": 202, "fields": {"name": "Can delete log entry", "content_type": 51, "codename": "delete_logentry"}}, {"model": "auth.permission", "pk": 203, "fields": {"name": "Can view log entry", "content_type": 51, "codename": "view_logentry"}}, {"model": "auth.permission", "pk": 204, "fields": {"name": "Can add permission", "content_type": 52, "codename": "add_permission"}}, {"model": "auth.permission", "pk": 205, "fields": {"name": "Can change permission", "content_type": 52, "codename": "change_permission"}}, {"model": "auth.permission", "pk": 206, "fields": {"name": "Can delete permission", "content_type": 52, "codename": "delete_permission"}}, {"model": "auth.permission", "pk": 207, "fields": {"name": "Can view permission", "content_type": 52, "codename": "view_permission"}}, {"model": "auth.permission", "pk": 208, "fields": {"name": "Can add group", "content_type": 53, "codename": "add_group"}}, {"model": "auth.permission", "pk": 209, "fields": {"name": "Can change group", "content_type": 53, "codename": "change_group"}}, {"model": "auth.permission", "pk": 210, "fields": {"name": "Can delete group", "content_type": 53, "codename": "delete_group"}}, {"model": "auth.permission", "pk": 211, "fields": {"name": "Can view group", "content_type": 53, "codename": "view_group"}}, {"model": "auth.permission", "pk": 212, "fields": {"name": "Can add content type", "content_type": 54, "codename": "add_contenttype"}}, {"model": "auth.permission", "pk": 213, "fields": {"name": "Can change content type", "content_type": 54, "codename": "change_contenttype"}}, {"model": "auth.permission", "pk": 214, "fields": {"name": "Can delete content type", "content_type": 54, "codename": "delete_contenttype"}}, {"model": "auth.permission", "pk": 215, "fields": {"name": "Can view content type", "content_type": 54, "codename": "view_contenttype"}}, {"model": "auth.permission", "pk": 216, "fields": {"name": "Can add session", "content_type": 55, "codename": "add_session"}}, {"model": "auth.permission", "pk": 217, "fields": {"name": "Can change session", "content_type": 55, "codename": "change_session"}}, {"model": "auth.permission", "pk": 218, "fields": {"name": "Can delete session", "content_type": 55, "codename": "delete_session"}}, {"model": "auth.permission", "pk": 219, "fields": {"name": "Can view session", "content_type": 55, "codename": "view_session"}}, {"model": "auth.permission", "pk": 220, "fields": {"name": "Can add site", "content_type": 56, "codename": "add_site"}}, {"model": "auth.permission", "pk": 221, "fields": {"name": "Can change site", "content_type": 56, "codename": "change_site"}}, {"model": "auth.permission", "pk": 222, "fields": {"name": "Can delete site", "content_type": 56, "codename": "delete_site"}}, {"model": "auth.permission", "pk": 223, "fields": {"name": "Can view site", "content_type": 56, "codename": "view_site"}}, {"model": "auth.permission", "pk": 224, "fields": {"name": "Can add email address", "content_type": 57, "codename": "add_emailaddress"}}, {"model": "auth.permission", "pk": 225, "fields": {"name": "Can change email address", "content_type": 57, "codename": "change_emailaddress"}}, {"model": "auth.permission", "pk": 226, "fields": {"name": "Can delete email address", "content_type": 57, "codename": "delete_emailaddress"}}, {"model": "auth.permission", "pk": 227, "fields": {"name": "Can view email address", "content_type": 57, "codename": "view_emailaddress"}}, {"model": "auth.permission", "pk": 228, "fields": {"name": "Can add email confirmation", "content_type": 58, "codename": "add_emailconfirmation"}}, {"model": "auth.permission", "pk": 229, "fields": {"name": "Can change email confirmation", "content_type": 58, "codename": "change_emailconfirmation"}}, {"model": "auth.permission", "pk": 230, "fields": {"name": "Can delete email confirmation", "content_type": 58, "codename": "delete_emailconfirmation"}}, {"model": "auth.permission", "pk": 231, "fields": {"name": "Can view email confirmation", "content_type": 58, "codename": "view_emailconfirmation"}}, {"model": "auth.permission", "pk": 232, "fields": {"name": "Can add social account", "content_type": 59, "codename": "add_socialaccount"}}, {"model": "auth.permission", "pk": 233, "fields": {"name": "Can change social account", "content_type": 59, "codename": "change_socialaccount"}}, {"model": "auth.permission", "pk": 234, "fields": {"name": "Can delete social account", "content_type": 59, "codename": "delete_socialaccount"}}, {"model": "auth.permission", "pk": 235, "fields": {"name": "Can view social account", "content_type": 59, "codename": "view_socialaccount"}}, {"model": "auth.permission", "pk": 236, "fields": {"name": "Can add social application", "content_type": 60, "codename": "add_socialapp"}}, {"model": "auth.permission", "pk": 237, "fields": {"name": "Can change social application", "content_type": 60, "codename": "change_socialapp"}}, {"model": "auth.permission", "pk": 238, "fields": {"name": "Can delete social application", "content_type": 60, "codename": "delete_socialapp"}}, {"model": "auth.permission", "pk": 239, "fields": {"name": "Can view social application", "content_type": 60, "codename": "view_socialapp"}}, {"model": "auth.permission", "pk": 240, "fields": {"name": "Can add social application token", "content_type": 61, "codename": "add_socialtoken"}}, {"model": "auth.permission", "pk": 241, "fields": {"name": "Can change social application token", "content_type": 61, "codename": "change_socialtoken"}}, {"model": "auth.permission", "pk": 242, "fields": {"name": "Can delete social application token", "content_type": 61, "codename": "delete_socialtoken"}}, {"model": "auth.permission", "pk": 243, "fields": {"name": "Can view social application token", "content_type": 61, "codename": "view_socialtoken"}}, {"model": "auth.group", "pk": 3, "fields": {"name": "Professor", "permissions": []}}, {"model": "auth.group", "pk": 4, "fields": {"name": "Department Head", "permissions": []}}, {"model": "contenttypes.contenttype", "pk": 1, "fields": {"app_label": "wagtailcore", "model": "page"}}, {"model": "contenttypes.contenttype", "pk": 2, "fields": {"app_label": "wagtailcore", "model": "groupapprovaltask"}}, {"model": "contenttypes.contenttype", "pk": 3, "fields": {"app_label": "wagtailadmin", "model": "admin"}}, {"model": "contenttypes.contenttype", "pk": 4, "fields": {"app_label": "wagtaildocs", "model": "document"}}, {"model": "contenttypes.contenttype", "pk": 5, "fields": {"app_label": "wagtailimages", "model": "image"}}, {"model": "contenttypes.contenttype", "pk": 6, "fields": {"app_label": "users", "model": "professor"}}, {"model": "contenttypes.contenttype", "pk": 7, "fields": {"app_label": "base", "model": "basepage"}}, {"model": "contenttypes.contenttype", "pk": 8, "fields": {"app_label": "base", "model": "room"}}, {"model": "contenttypes.contenttype", "pk": 9, "fields": {"app_label": "base", "model": "timeload"}}, {"model": "contenttypes.contenttype", "pk": 10, "fields": {"app_label": "base", "model": "subject"}}, {"model": "contenttypes.contenttype", "pk": 11, "fields": {"app_label": "base", "model": "schedule"}}, {"model": "contenttypes.contenttype", "pk": 12, "fields": {"app_label": "course", "model": "college"}}, {"model": "contenttypes.contenttype", "pk": 13, "fields": {"app_label": "course", "model": "course"}}, {"model": "contenttypes.contenttype", "pk": 14, "fields": {"app_label": "course", "model": "section"}}, {"model": "contenttypes.contenttype", "pk": 15, "fields": {"app_label": "course", "model": "department"}}, {"model": "contenttypes.contenttype", "pk": 16, "fields": {"app_label": "depthead", "model": "departmentheadindexpage"}}, {"model": "contenttypes.contenttype", "pk": 17, "fields": {"app_label": "depthead", "model": "facultyloadingpage"}}, {"model": "contenttypes.contenttype", "pk": 18, "fields": {"app_label": "depthead", "model": "facultyloadpage"}}, {"model": "contenttypes.contenttype", "pk": 19, "fields": {"app_label": "facultyload", "model": "facultyload"}}, {"model": "contenttypes.contenttype", "pk": 20, "fields": {"app_label": "facultyload", "model": "facultyloading"}}, {"model": "contenttypes.contenttype", "pk": 21, "fields": {"app_label": "facultyload", "model": "facultyloadmodel"}}, {"model": "contenttypes.contenttype", "pk": 22, "fields": {"app_label": "wagtailforms", "model": "formsubmission"}}, {"model": "contenttypes.contenttype", "pk": 23, "fields": {"app_label": "wagtailredirects", "model": "redirect"}}, {"model": "contenttypes.contenttype", "pk": 24, "fields": {"app_label": "wagtailembeds", "model": "embed"}}, {"model": "contenttypes.contenttype", "pk": 25, "fields": {"app_label": "wagtailusers", "model": "userprofile"}}, {"model": "contenttypes.contenttype", "pk": 26, "fields": {"app_label": "wagtaildocs", "model": "uploadeddocument"}}, {"model": "contenttypes.contenttype", "pk": 27, "fields": {"app_label": "wagtailimages", "model": "rendition"}}, {"model": "contenttypes.contenttype", "pk": 28, "fields": {"app_label": "wagtailimages", "model": "uploadedimage"}}, {"model": "contenttypes.contenttype", "pk": 29, "fields": {"app_label": "wagtailsearch", "model": "query"}}, {"model": "contenttypes.contenttype", "pk": 30, "fields": {"app_label": "wagtailsearch", "model": "querydailyhits"}}, {"model": "contenttypes.contenttype", "pk": 31, "fields": {"app_label": "wagtailcore", "model": "grouppagepermission"}}, {"model": "contenttypes.contenttype", "pk": 32, "fields": {"app_label": "wagtailcore", "model": "pagerevision"}}, {"model": "contenttypes.contenttype", "pk": 33, "fields": {"app_label": "wagtailcore", "model": "pageviewrestriction"}}, {"model": "contenttypes.contenttype", "pk": 34, "fields": {"app_label": "wagtailcore", "model": "site"}}, {"model": "contenttypes.contenttype", "pk": 35, "fields": {"app_label": "wagtailcore", "model": "collection"}}, {"model": "contenttypes.contenttype", "pk": 36, "fields": {"app_label": "wagtailcore", "model": "groupcollectionpermission"}}, {"model": "contenttypes.contenttype", "pk": 37, "fields": {"app_label": "wagtailcore", "model": "collectionviewrestriction"}}, {"model": "contenttypes.contenttype", "pk": 38, "fields": {"app_label": "wagtailcore", "model": "task"}}, {"model": "contenttypes.contenttype", "pk": 39, "fields": {"app_label": "wagtailcore", "model": "taskstate"}}, {"model": "contenttypes.contenttype", "pk": 40, "fields": {"app_label": "wagtailcore", "model": "workflow"}}, {"model": "contenttypes.contenttype", "pk": 41, "fields": {"app_label": "wagtailcore", "model": "workflowstate"}}, {"model": "contenttypes.contenttype", "pk": 42, "fields": {"app_label": "wagtailcore", "model": "workflowpage"}}, {"model": "contenttypes.contenttype", "pk": 43, "fields": {"app_label": "wagtailcore", "model": "workflowtask"}}, {"model": "contenttypes.contenttype", "pk": 44, "fields": {"app_label": "wagtailcore", "model": "pagelogentry"}}, {"model": "contenttypes.contenttype", "pk": 45, "fields": {"app_label": "wagtailcore", "model": "locale"}}, {"model": "contenttypes.contenttype", "pk": 46, "fields": {"app_label": "wagtailcore", "model": "comment"}}, {"model": "contenttypes.contenttype", "pk": 47, "fields": {"app_label": "wagtailcore", "model": "commentreply"}}, {"model": "contenttypes.contenttype", "pk": 48, "fields": {"app_label": "wagtailcore", "model": "pagesubscription"}}, {"model": "contenttypes.contenttype", "pk": 49, "fields": {"app_label": "taggit", "model": "tag"}}, {"model": "contenttypes.contenttype", "pk": 50, "fields": {"app_label": "taggit", "model": "taggeditem"}}, {"model": "contenttypes.contenttype", "pk": 51, "fields": {"app_label": "admin", "model": "logentry"}}, {"model": "contenttypes.contenttype", "pk": 52, "fields": {"app_label": "auth", "model": "permission"}}, {"model": "contenttypes.contenttype", "pk": 53, "fields": {"app_label": "auth", "model": "group"}}, {"model": "contenttypes.contenttype", "pk": 54, "fields": {"app_label": "contenttypes", "model": "contenttype"}}, {"model": "contenttypes.contenttype", "pk": 55, "fields": {"app_label": "sessions", "model": "session"}}, {"model": "contenttypes.contenttype", "pk": 56, "fields": {"app_label": "sites", "model": "site"}}, {"model": "contenttypes.contenttype", "pk": 57, "fields": {"app_label": "account", "model": "emailaddress"}}, {"model": "contenttypes.contenttype", "pk": 58, "fields": {"app_label": "account", "model": "emailconfirmation"}}, {"model": "contenttypes.contenttype", "pk": 59, "fields": {"app_label": "socialaccount", "model": "socialaccount"}}, {"model": "contenttypes.contenttype", "pk": 60, "fields": {"app_label": "socialaccount", "model": "socialapp"}}, {"model": "contenttypes.contenttype", "pk": 61, "fields": {"app_label": "socialaccount", "model": "socialtoken"}}, {"model": "sessions.session", "pk": "i7fu2vblxeikvitbcvdy3iigpo8saivt", "fields": {"session_data": ".eJxVjEEOwiAQRe_C2pBSGAou3XsGMp0ZpGpoUtqV8e7apAvd_vfef6mE21rS1mRJE6uzMur0u41ID6k74DvW26xprusyjXpX9EGbvs4sz8vh_h0UbOVbZ_Je-pCdZWAM0FmSnjvP7MQwgomcI4F1cRiMBW8CAGS0GbwjhKjeH-60N7c:1lrjNU:aRCQcbMx9Hr-5cVzwO6BlQ-2445mAx3MGEKvu8L-UMI", "expire_date": "2021-06-25T15:47:24.473Z"}}, {"model": "sessions.session", "pk": "ijmoieipe3ae6lt23vvvuasxel86nhd9", "fields": {"session_data": ".eJxVjEEOwiAQRe_C2pCBwZZ26d4zkCkMFjVgSptojHe3TbrQ7X_v_bdwtMyjWypPLgXRCxSH320gf-O8gXClfCnSlzxPaZCbInda5bkEvp929-9gpDquNUeFgEHr1mhjYhd8R4GstUc_tN4G0EgUbQtITQTNFBUjGr9GxloF22nlWlPJjp-PNL1ErzR0DcDnCwJTQAI:1lrk1J:2ZKtfafJkQt_zvbLWvOUGGjxi31IigVP2YlOW8L-Tcs", "expire_date": "2021-06-25T16:28:33.025Z"}}, {"model": "sessions.session", "pk": "k9q8q6qeylo4xccsi4n20d2jelh77ae9", "fields": {"session_data": ".eJxVjEEOwiAQRe_C2pCBwZZ26d4zkCkMFjVgSptojHe3TbrQ7X_v_bdwtMyjWypPLgXRCxSH320gf-O8gXClfCnSlzxPaZCbInda5bkEvp929-9gpDquNUeFgEHr1mhjYhd8R4GstUc_tN4G0EgUbQtITQTNFBUjGr9GxloF22nlWlPJjp-PNL1ErzR0DcDnCwJTQAI:1lrtL0:lna5d9lM11k1U2QqLGWUUlEDhLHrms347Z6ItgIC7vU", "expire_date": "2021-06-26T02:25:30.008Z"}}, {"model": "sites.site", "pk": 1, "fields": {"domain": "example.com", "name": "example.com"}}]