[
{
  "model": "base.schedule",
  "pk": 1,
  "fields": {
    "day": "Monday",
    "start_time": 7,
    "ending_time": 14,
    "lec": 0,
    "lab": 0,
    "units": 0,
    "subject": 1,
    "room": 1,
    "section": 2
  }
},
{
  "model": "base.subject",
  "pk": 1,
  "fields": {
    "subject_code": "CS333",
    "description": "Computer Programming",
    "course": 1
  }
},
{
  "model": "base.room",
  "pk": 1,
  "fields": {
    "name": "TBA"
  }
},
{
  "model": "course.section",
  "pk": 1,
  "fields": {
    "year": 1,
    "name": "BSCS-1A",
    "course": 1
  }
},
{
  "model": "course.section",
  "pk": 2,
  "fields": {
    "year": 2,
    "name": "BSCS-2A",
    "course": 1
  }
},
{
  "model": "course.section",
  "pk": 3,
  "fields": {
    "year": 3,
    "name": "BSCS-3A",
    "course": 1
  }
},
{
  "model": "course.section",
  "pk": 4,
  "fields": {
    "year": 4,
    "name": "BSCS-4A",
    "course": 1
  }
},
{
  "model": "course.course",
  "pk": 1,
  "fields": {
    "name": "Bachelord of Science in Computer Science",
    "abbreviation": "BSCS",
    "first_year_section": 1,
    "second_year_section": 1,
    "third_year_section": 1,
    "fourth_year_section": 1
  }
},
{
  "model": "course.college",
  "pk": 1,
  "fields": {
    "name": "College of Science"
  }
},
{
  "model": "course.department",
  "pk": 1,
  "fields": {
    "name": "Computer Study",
    "college": 1
  }
},
{
  "model": "wagtailcore.site",
  "fields": {
    "hostname": "localhost",
    "port": 80,
    "site_name": "TUP FacultyLoad",
    "root_page": 3,
    "is_default_site": false
  }
},
{
  "model": "wagtailcore.locale",
  "pk": 1,
  "fields": {
    "language_code": "en"
  }
},
{
  "model": "wagtailcore.collection",
  "pk": 1,
  "fields": {
    "path": "0001",
    "depth": 1,
    "numchild": 0,
    "name": "Root"
  }
},
{
  "model": "wagtailcore.workflowpage",
  "pk": 1,
  "fields": {
    "workflow": 1
  }
},
{
  "model": "wagtailcore.workflowtask",
  "pk": 1,
  "fields": {
    "sort_order": 0,
    "workflow": 1,
    "task": 1
  }
},
{
  "model": "wagtailcore.task",
  "pk": 1,
  "fields": {
    "name": "Moderators approval",
    "content_type": [
      "wagtailcore",
      "groupapprovaltask"
    ],
    "active": true
  }
},
{
  "model": "wagtailcore.workflow",
  "pk": 1,
  "fields": {
    "name": "Moderators approval",
    "active": true
  }
},
{
  "model": "auth.group",
  "fields": {
    "name": "Professor",
    "permissions": []
  }
},
{
  "model": "auth.group",
  "fields": {
    "name": "Department Head",
    "permissions": []
  }
},
{
  "model": "sessions.session",
  "pk": "i7fu2vblxeikvitbcvdy3iigpo8saivt",
  "fields": {
    "session_data": ".eJxVjEEOwiAQRe_C2pBSGAou3XsGMp0ZpGpoUtqV8e7apAvd_vfef6mE21rS1mRJE6uzMur0u41ID6k74DvW26xprusyjXpX9EGbvs4sz8vh_h0UbOVbZ_Je-pCdZWAM0FmSnjvP7MQwgomcI4F1cRiMBW8CAGS0GbwjhKjeH-60N7c:1lrjNU:aRCQcbMx9Hr-5cVzwO6BlQ-2445mAx3MGEKvu8L-UMI",
    "expire_date": "2021-06-25T15:47:24.473Z"
  }
},
{
  "model": "sessions.session",
  "pk": "ijmoieipe3ae6lt23vvvuasxel86nhd9",
  "fields": {
    "session_data": ".eJxVjEEOwiAQRe_C2pCBwZZ26d4zkCkMFjVgSptojHe3TbrQ7X_v_bdwtMyjWypPLgXRCxSH320gf-O8gXClfCnSlzxPaZCbInda5bkEvp929-9gpDquNUeFgEHr1mhjYhd8R4GstUc_tN4G0EgUbQtITQTNFBUjGr9GxloF22nlWlPJjp-PNL1ErzR0DcDnCwJTQAI:1lrk1J:2ZKtfafJkQt_zvbLWvOUGGjxi31IigVP2YlOW8L-Tcs",
    "expire_date": "2021-06-25T16:28:33.025Z"
  }
},
{
  "model": "sessions.session",
  "pk": "k9q8q6qeylo4xccsi4n20d2jelh77ae9",
  "fields": {
    "session_data": ".eJxVjEEOwiAQRe_C2pCBwZZ26d4zkCkMFjVgSptojHe3TbrQ7X_v_bdwtMyjWypPLgXRCxSH320gf-O8gXClfCnSlzxPaZCbInda5bkEvp929-9gpDquNUeFgEHr1mhjYhd8R4GstUc_tN4G0EgUbQtITQTNFBUjGr9GxloF22nlWlPJjp-PNL1ErzR0DcDnCwJTQAI:1lrtL0:lna5d9lM11k1U2QqLGWUUlEDhLHrms347Z6ItgIC7vU",
    "expire_date": "2021-06-26T02:25:30.008Z"
  }
},
{
  "model": "sites.site",
  "fields": {
    "domain": "example.com",
    "name": "example.com"
  }
},
{
  "model": "wagtailcore.groupapprovaltask",
  "pk": 1,
  "fields": {
    "task_ptr": 1,
    "groups": []
  }
},
{
  "model": "wagtailcore.pageviewrestriction",
  "pk": 1,
  "fields": {
    "restriction_type": "groups",
    "password": "",
    "page": 7,
    "groups": [
      [
        "Professor"
      ],
      [
        "Department Head"
      ]
    ]
  }
},
{
  "model": "wagtailcore.pageviewrestriction",
  "pk": 2,
  "fields": {
    "restriction_type": "groups",
    "password": "",
    "page": 6,
    "groups": [
      [
        "Professor"
      ],
      [
        "Department Head"
      ]
    ]
  }
},
{
  "model": "wagtailcore.pageviewrestriction",
  "pk": 3,
  "fields": {
    "restriction_type": "groups",
    "password": "",
    "page": 5,
    "groups": [
      [
        "Professor"
      ],
      [
        "Department Head"
      ]
    ]
  }
},
{
  "model": "wagtailcore.pageviewrestriction",
  "pk": 4,
  "fields": {
    "restriction_type": "groups",
    "password": "",
    "page": 4,
    "groups": [
      [
        "Department Head"
      ]
    ]
  }
},
{
  "model": "users.professor",
  "fields": {
    "password": "pbkdf2_sha256$216000$wqSKJAPVGrBT$NJcUKxhWyRQGjr3qKamtVeVlVP+bavHK38maJ7WcbbY=",
    "last_login": "2021-06-11T15:47:24.464Z",
    "is_superuser": true,
    "username": "eco",
    "first_name": "",
    "last_name": "",
    "email": "eco@eco.com",
    "is_staff": true,
    "is_active": true,
    "date_joined": "2021-06-11T15:47:11.322Z",
    "department_head": false,
    "middle_name": null,
    "time_in": null,
    "time_out": null,
    "department": null,
    "groups": [],
    "user_permissions": []
  }
},
{
  "model": "users.professor",
  "fields": {
    "password": "pbkdf2_sha256$216000$4Zfx8qVlBrmm$lCNKIbX3VC+7zFr0h11kJJjAtRSSd08K+hntFZZ7mcA=",
    "last_login": "2021-06-11T16:26:04.708Z",
    "is_superuser": false,
    "username": "TUPM-21-51312",
    "first_name": "Jerico",
    "last_name": "Villaraza",
    "email": "Jerico.Villaraza@tup.edu.ph",
    "is_staff": false,
    "is_active": true,
    "date_joined": "2021-06-11T15:55:33.105Z",
    "department_head": false,
    "middle_name": "Cabiling",
    "time_in": null,
    "time_out": null,
    "department": 1,
    "groups": [
      [
        "Professor"
      ]
    ],
    "user_permissions": []
  }
},
{
  "model": "users.professor",
  "fields": {
    "password": "pbkdf2_sha256$216000$k8ErEBUjAuX2$qjvC2DGicomebGpMZ6TAFCM7A93BdWp0HvFoSVwiPpQ=",
    "last_login": "2021-06-12T02:25:29.862Z",
    "is_superuser": false,
    "username": "TUPM-21-51313",
    "first_name": "Renagado",
    "last_name": "Martin",
    "email": "Renagado.Martin@tup.edu.ph",
    "is_staff": false,
    "is_active": true,
    "date_joined": "2021-06-11T15:56:03.050Z",
    "department_head": true,
    "middle_name": "Cornota",
    "time_in": null,
    "time_out": null,
    "department": 1,
    "groups": [
      [
        "Professor"
      ],
      [
        "Department Head"
      ]
    ],
    "user_permissions": []
  }
},
{
  "model": "base.timeload",
  "pk": 7,
  "fields": {
    "page_ptr": 7
  }
},
{
  "model": "base.basepage",
  "pk": 3,
  "fields": {
    "page_ptr": 3
  }
},
{
  "model": "depthead.facultyloadpage",
  "pk": 8,
  "fields": {
    "page_ptr": 8
  }
},
{
  "model": "depthead.facultyloadingpage",
  "pk": 9,
  "fields": {
    "page_ptr": 9
  }
},
{
  "model": "depthead.departmentheadindexpage",
  "pk": 4,
  "fields": {
    "page_ptr": 4
  }
},
{
  "model": "facultyload.facultyloadmodel",
  "pk": 1,
  "fields": {
    "professor": [
      "TUPM-21-51313"
    ],
    "schedule": 1,
    "year": 2020,
    "semester": "first",
    "approved": false
  }
},
{
  "model": "facultyload.facultyloadmodel",
  "pk": 2,
  "fields": {
    "professor": [
      "TUPM-21-51312"
    ],
    "schedule": 1,
    "year": 2020,
    "semester": "first",
    "approved": false
  }
},
{
  "model": "facultyload.facultyload",
  "pk": 5,
  "fields": {
    "page_ptr": 5
  }
},
{
  "model": "facultyload.facultyloading",
  "pk": 6,
  "fields": {
    "page_ptr": 6
  }
},
{
  "model": "wagtailcore.page",
  "pk": 1,
  "fields": {
    "path": "0001",
    "depth": 1,
    "numchild": 1,
    "translation_key": "4241d121-de0d-437c-b87a-05b0127a968e",
    "locale": 1,
    "title": "Root",
    "draft_title": "Root",
    "slug": "root",
    "content_type": [
      "wagtailcore",
      "page"
    ],
    "live": true,
    "has_unpublished_changes": false,
    "url_path": "/",
    "owner": null,
    "seo_title": "",
    "show_in_menus": false,
    "search_description": "",
    "go_live_at": null,
    "expire_at": null,
    "expired": false,
    "locked": false,
    "locked_at": null,
    "locked_by": null,
    "first_published_at": null,
    "last_published_at": null,
    "latest_revision_created_at": null,
    "live_revision": null,
    "alias_of": null
  }
},
{
  "model": "wagtailcore.page",
  "pk": 3,
  "fields": {
    "path": "00010001",
    "depth": 2,
    "numchild": 4,
    "translation_key": "e3440c7c-c061-43f9-bb6a-a0119720ad40",
    "locale": 1,
    "title": "Welcome to TUP Faculty Loading",
    "draft_title": "Welcome to TUP Faculty Loading",
    "slug": "welcome-to-tup-faculty-loading",
    "content_type": [
      "base",
      "basepage"
    ],
    "live": true,
    "has_unpublished_changes": false,
    "url_path": "/welcome-to-tup-faculty-loading/",
    "owner": [
      "eco"
    ],
    "seo_title": "",
    "show_in_menus": false,
    "search_description": "",
    "go_live_at": null,
    "expire_at": null,
    "expired": false,
    "locked": false,
    "locked_at": null,
    "locked_by": null,
    "first_published_at": "2021-06-11T15:48:45.714Z",
    "last_published_at": "2021-06-11T15:48:45.714Z",
    "latest_revision_created_at": "2021-06-11T15:48:45.676Z",
    "live_revision": 1,
    "alias_of": null
  }
},
{
  "model": "wagtailcore.page",
  "pk": 4,
  "fields": {
    "path": "000100010001",
    "depth": 3,
    "numchild": 2,
    "translation_key": "d5970eca-0317-4dbe-abb7-dd0f8b74b36a",
    "locale": 1,
    "title": "Department Head Page",
    "draft_title": "Department Head Page",
    "slug": "department-head-page",
    "content_type": [
      "depthead",
      "departmentheadindexpage"
    ],
    "live": true,
    "has_unpublished_changes": false,
    "url_path": "/welcome-to-tup-faculty-loading/department-head-page/",
    "owner": [
      "eco"
    ],
    "seo_title": "",
    "show_in_menus": false,
    "search_description": "",
    "go_live_at": null,
    "expire_at": null,
    "expired": false,
    "locked": false,
    "locked_at": null,
    "locked_by": null,
    "first_published_at": "2021-06-11T15:49:11.284Z",
    "last_published_at": "2021-06-11T15:51:30.733Z",
    "latest_revision_created_at": "2021-06-11T15:51:30.683Z",
    "live_revision": 11,
    "alias_of": null
  }
},
{
  "model": "wagtailcore.page",
  "pk": 5,
  "fields": {
    "path": "000100010002",
    "depth": 3,
    "numchild": 0,
    "translation_key": "a4cb6b84-767c-4800-9e7d-debd6e11eeff",
    "locale": 1,
    "title": "Faculty Load",
    "draft_title": "Faculty Load",
    "slug": "faculty-load",
    "content_type": [
      "facultyload",
      "facultyload"
    ],
    "live": true,
    "has_unpublished_changes": false,
    "url_path": "/welcome-to-tup-faculty-loading/faculty-load/",
    "owner": [
      "eco"
    ],
    "seo_title": "",
    "show_in_menus": false,
    "search_description": "",
    "go_live_at": null,
    "expire_at": null,
    "expired": false,
    "locked": false,
    "locked_at": null,
    "locked_by": null,
    "first_published_at": "2021-06-11T15:49:26.420Z",
    "last_published_at": "2021-06-11T15:51:14.276Z",
    "latest_revision_created_at": "2021-06-11T15:51:14.225Z",
    "live_revision": 10,
    "alias_of": null
  }
},
{
  "model": "wagtailcore.page",
  "pk": 6,
  "fields": {
    "path": "000100010003",
    "depth": 3,
    "numchild": 0,
    "translation_key": "c74bf153-9a65-4cdc-8d14-43d6e6958d38",
    "locale": 1,
    "title": "Faculty Loading",
    "draft_title": "Faculty Loading",
    "slug": "faculty-loading",
    "content_type": [
      "facultyload",
      "facultyloading"
    ],
    "live": true,
    "has_unpublished_changes": false,
    "url_path": "/welcome-to-tup-faculty-loading/faculty-loading/",
    "owner": [
      "eco"
    ],
    "seo_title": "",
    "show_in_menus": false,
    "search_description": "",
    "go_live_at": null,
    "expire_at": null,
    "expired": false,
    "locked": false,
    "locked_at": null,
    "locked_by": null,
    "first_published_at": "2021-06-11T15:49:36.159Z",
    "last_published_at": "2021-06-11T15:51:01.964Z",
    "latest_revision_created_at": "2021-06-11T15:51:01.907Z",
    "live_revision": 9,
    "alias_of": null
  }
},
{
  "model": "wagtailcore.page",
  "pk": 7,
  "fields": {
    "path": "000100010004",
    "depth": 3,
    "numchild": 0,
    "translation_key": "f8bc124d-b9ac-4d1f-ab1d-1403b90cfd28",
    "locale": 1,
    "title": "Time Load",
    "draft_title": "Time Load",
    "slug": "time-load",
    "content_type": [
      "base",
      "timeload"
    ],
    "live": true,
    "has_unpublished_changes": false,
    "url_path": "/welcome-to-tup-faculty-loading/time-load/",
    "owner": [
      "eco"
    ],
    "seo_title": "",
    "show_in_menus": false,
    "search_description": "",
    "go_live_at": null,
    "expire_at": null,
    "expired": false,
    "locked": false,
    "locked_at": null,
    "locked_by": null,
    "first_published_at": "2021-06-11T15:49:51.388Z",
    "last_published_at": "2021-06-11T15:50:46.746Z",
    "latest_revision_created_at": "2021-06-11T15:50:46.691Z",
    "live_revision": 8,
    "alias_of": null
  }
},
{
  "model": "wagtailcore.page",
  "pk": 8,
  "fields": {
    "path": "0001000100010001",
    "depth": 4,
    "numchild": 0,
    "translation_key": "77a6d16e-1e13-4c8b-8e57-7045932317ea",
    "locale": 1,
    "title": "Faculty Load",
    "draft_title": "Faculty Load",
    "slug": "faculty-load",
    "content_type": [
      "depthead",
      "facultyloadpage"
    ],
    "live": true,
    "has_unpublished_changes": false,
    "url_path": "/welcome-to-tup-faculty-loading/department-head-page/faculty-load/",
    "owner": [
      "eco"
    ],
    "seo_title": "",
    "show_in_menus": false,
    "search_description": "",
    "go_live_at": null,
    "expire_at": null,
    "expired": false,
    "locked": false,
    "locked_at": null,
    "locked_by": null,
    "first_published_at": "2021-06-11T15:50:10.372Z",
    "last_published_at": "2021-06-11T15:50:10.372Z",
    "latest_revision_created_at": "2021-06-11T15:50:10.336Z",
    "live_revision": 6,
    "alias_of": null
  }
},
{
  "model": "wagtailcore.page",
  "pk": 9,
  "fields": {
    "path": "0001000100010002",
    "depth": 4,
    "numchild": 0,
    "translation_key": "770b7bb8-8c91-4819-a309-9d4e1125103b",
    "locale": 1,
    "title": "Faculty Loading",
    "draft_title": "Faculty Loading",
    "slug": "faculty-loading",
    "content_type": [
      "depthead",
      "facultyloadingpage"
    ],
    "live": true,
    "has_unpublished_changes": false,
    "url_path": "/welcome-to-tup-faculty-loading/department-head-page/faculty-loading/",
    "owner": [
      "eco"
    ],
    "seo_title": "",
    "show_in_menus": false,
    "search_description": "",
    "go_live_at": null,
    "expire_at": null,
    "expired": false,
    "locked": false,
    "locked_at": null,
    "locked_by": null,
    "first_published_at": "2021-06-11T15:50:19.285Z",
    "last_published_at": "2021-06-11T15:50:19.285Z",
    "latest_revision_created_at": "2021-06-11T15:50:19.250Z",
    "live_revision": 7,
    "alias_of": null
  }
},
{
  "model": "wagtailcore.pagerevision",
  "pk": 1,
  "fields": {
    "page": 3,
    "submitted_for_moderation": false,
    "created_at": "2021-06-11T15:48:45.676Z",
    "user": [
      "eco"
    ],
    "content_json": "{\"pk\": 3, \"path\": \"00010001\", \"depth\": 2, \"numchild\": 0, \"translation_key\": \"e3440c7c-c061-43f9-bb6a-a0119720ad40\", \"locale\": 1, \"title\": \"Welcome to TUP Faculty Loading\", \"draft_title\": \"Welcome to TUP Faculty Loading\", \"slug\": \"welcome-to-tup-faculty-loading\", \"content_type\": 7, \"live\": true, \"has_unpublished_changes\": false, \"url_path\": \"/welcome-to-tup-faculty-loading/\", \"owner\": 1, \"seo_title\": \"\", \"show_in_menus\": false, \"search_description\": \"\", \"go_live_at\": null, \"expire_at\": null, \"expired\": false, \"locked\": false, \"locked_at\": null, \"locked_by\": null, \"first_published_at\": null, \"last_published_at\": null, \"latest_revision_created_at\": null, \"live_revision\": null, \"alias_of\": null, \"comments\": []}",
    "approved_go_live_at": null
  }
},
{
  "model": "wagtailcore.pagerevision",
  "pk": 2,
  "fields": {
    "page": 4,
    "submitted_for_moderation": false,
    "created_at": "2021-06-11T15:49:11.249Z",
    "user": [
      "eco"
    ],
    "content_json": "{\"pk\": 4, \"path\": \"000100010001\", \"depth\": 3, \"numchild\": 0, \"translation_key\": \"d5970eca-0317-4dbe-abb7-dd0f8b74b36a\", \"locale\": 1, \"title\": \"Department Head Page\", \"draft_title\": \"Department Head Page\", \"slug\": \"department-head-page\", \"content_type\": 16, \"live\": true, \"has_unpublished_changes\": false, \"url_path\": \"/welcome-to-tup-faculty-loading/department-head-page/\", \"owner\": 1, \"seo_title\": \"\", \"show_in_menus\": false, \"search_description\": \"\", \"go_live_at\": null, \"expire_at\": null, \"expired\": false, \"locked\": false, \"locked_at\": null, \"locked_by\": null, \"first_published_at\": null, \"last_published_at\": null, \"latest_revision_created_at\": null, \"live_revision\": null, \"alias_of\": null, \"comments\": []}",
    "approved_go_live_at": null
  }
},
{
  "model": "wagtailcore.pagerevision",
  "pk": 3,
  "fields": {
    "page": 5,
    "submitted_for_moderation": false,
    "created_at": "2021-06-11T15:49:26.382Z",
    "user": [
      "eco"
    ],
    "content_json": "{\"pk\": 5, \"path\": \"000100010002\", \"depth\": 3, \"numchild\": 0, \"translation_key\": \"a4cb6b84-767c-4800-9e7d-debd6e11eeff\", \"locale\": 1, \"title\": \"Faculty Load\", \"draft_title\": \"Faculty Load\", \"slug\": \"faculty-load\", \"content_type\": 19, \"live\": true, \"has_unpublished_changes\": false, \"url_path\": \"/welcome-to-tup-faculty-loading/faculty-load/\", \"owner\": 1, \"seo_title\": \"\", \"show_in_menus\": false, \"search_description\": \"\", \"go_live_at\": null, \"expire_at\": null, \"expired\": false, \"locked\": false, \"locked_at\": null, \"locked_by\": null, \"first_published_at\": null, \"last_published_at\": null, \"latest_revision_created_at\": null, \"live_revision\": null, \"alias_of\": null, \"comments\": []}",
    "approved_go_live_at": null
  }
},
{
  "model": "wagtailcore.pagerevision",
  "pk": 4,
  "fields": {
    "page": 6,
    "submitted_for_moderation": false,
    "created_at": "2021-06-11T15:49:36.118Z",
    "user": [
      "eco"
    ],
    "content_json": "{\"pk\": 6, \"path\": \"000100010003\", \"depth\": 3, \"numchild\": 0, \"translation_key\": \"c74bf153-9a65-4cdc-8d14-43d6e6958d38\", \"locale\": 1, \"title\": \"Faculty Loading\", \"draft_title\": \"Faculty Loading\", \"slug\": \"faculty-loading\", \"content_type\": 20, \"live\": true, \"has_unpublished_changes\": false, \"url_path\": \"/welcome-to-tup-faculty-loading/faculty-loading/\", \"owner\": 1, \"seo_title\": \"\", \"show_in_menus\": false, \"search_description\": \"\", \"go_live_at\": null, \"expire_at\": null, \"expired\": false, \"locked\": false, \"locked_at\": null, \"locked_by\": null, \"first_published_at\": null, \"last_published_at\": null, \"latest_revision_created_at\": null, \"live_revision\": null, \"alias_of\": null, \"comments\": []}",
    "approved_go_live_at": null
  }
},
{
  "model": "wagtailcore.pagerevision",
  "pk": 5,
  "fields": {
    "page": 7,
    "submitted_for_moderation": false,
    "created_at": "2021-06-11T15:49:51.350Z",
    "user": [
      "eco"
    ],
    "content_json": "{\"pk\": 7, \"path\": \"000100010004\", \"depth\": 3, \"numchild\": 0, \"translation_key\": \"f8bc124d-b9ac-4d1f-ab1d-1403b90cfd28\", \"locale\": 1, \"title\": \"Time Load\", \"draft_title\": \"Time Load\", \"slug\": \"time-load\", \"content_type\": 9, \"live\": true, \"has_unpublished_changes\": false, \"url_path\": \"/welcome-to-tup-faculty-loading/time-load/\", \"owner\": 1, \"seo_title\": \"\", \"show_in_menus\": false, \"search_description\": \"\", \"go_live_at\": null, \"expire_at\": null, \"expired\": false, \"locked\": false, \"locked_at\": null, \"locked_by\": null, \"first_published_at\": null, \"last_published_at\": null, \"latest_revision_created_at\": null, \"live_revision\": null, \"alias_of\": null, \"comments\": []}",
    "approved_go_live_at": null
  }
},
{
  "model": "wagtailcore.pagerevision",
  "pk": 6,
  "fields": {
    "page": 8,
    "submitted_for_moderation": false,
    "created_at": "2021-06-11T15:50:10.336Z",
    "user": [
      "eco"
    ],
    "content_json": "{\"pk\": 8, \"path\": \"0001000100010001\", \"depth\": 4, \"numchild\": 0, \"translation_key\": \"77a6d16e-1e13-4c8b-8e57-7045932317ea\", \"locale\": 1, \"title\": \"Faculty Load\", \"draft_title\": \"Faculty Load\", \"slug\": \"faculty-load\", \"content_type\": 18, \"live\": true, \"has_unpublished_changes\": false, \"url_path\": \"/welcome-to-tup-faculty-loading/department-head-page/faculty-load/\", \"owner\": 1, \"seo_title\": \"\", \"show_in_menus\": false, \"search_description\": \"\", \"go_live_at\": null, \"expire_at\": null, \"expired\": false, \"locked\": false, \"locked_at\": null, \"locked_by\": null, \"first_published_at\": null, \"last_published_at\": null, \"latest_revision_created_at\": null, \"live_revision\": null, \"alias_of\": null, \"comments\": []}",
    "approved_go_live_at": null
  }
},
{
  "model": "wagtailcore.pagerevision",
  "pk": 7,
  "fields": {
    "page": 9,
    "submitted_for_moderation": false,
    "created_at": "2021-06-11T15:50:19.250Z",
    "user": [
      "eco"
    ],
    "content_json": "{\"pk\": 9, \"path\": \"0001000100010002\", \"depth\": 4, \"numchild\": 0, \"translation_key\": \"770b7bb8-8c91-4819-a309-9d4e1125103b\", \"locale\": 1, \"title\": \"Faculty Loading\", \"draft_title\": \"Faculty Loading\", \"slug\": \"faculty-loading\", \"content_type\": 17, \"live\": true, \"has_unpublished_changes\": false, \"url_path\": \"/welcome-to-tup-faculty-loading/department-head-page/faculty-loading/\", \"owner\": 1, \"seo_title\": \"\", \"show_in_menus\": false, \"search_description\": \"\", \"go_live_at\": null, \"expire_at\": null, \"expired\": false, \"locked\": false, \"locked_at\": null, \"locked_by\": null, \"first_published_at\": null, \"last_published_at\": null, \"latest_revision_created_at\": null, \"live_revision\": null, \"alias_of\": null, \"comments\": []}",
    "approved_go_live_at": null
  }
},
{
  "model": "wagtailcore.pagerevision",
  "pk": 8,
  "fields": {
    "page": 7,
    "submitted_for_moderation": false,
    "created_at": "2021-06-11T15:50:46.691Z",
    "user": [
      "eco"
    ],
    "content_json": "{\"pk\": 7, \"path\": \"000100010004\", \"depth\": 3, \"numchild\": 0, \"translation_key\": \"f8bc124d-b9ac-4d1f-ab1d-1403b90cfd28\", \"locale\": 1, \"title\": \"Time Load\", \"draft_title\": \"Time Load\", \"slug\": \"time-load\", \"content_type\": 9, \"live\": true, \"has_unpublished_changes\": false, \"url_path\": \"/welcome-to-tup-faculty-loading/time-load/\", \"owner\": 1, \"seo_title\": \"\", \"show_in_menus\": false, \"search_description\": \"\", \"go_live_at\": null, \"expire_at\": null, \"expired\": false, \"locked\": false, \"locked_at\": null, \"locked_by\": null, \"first_published_at\": \"2021-06-11T15:49:51.388Z\", \"last_published_at\": \"2021-06-11T15:49:51.388Z\", \"latest_revision_created_at\": \"2021-06-11T15:49:51.350Z\", \"live_revision\": 5, \"alias_of\": null, \"comments\": []}",
    "approved_go_live_at": null
  }
},
{
  "model": "wagtailcore.pagerevision",
  "pk": 9,
  "fields": {
    "page": 6,
    "submitted_for_moderation": false,
    "created_at": "2021-06-11T15:51:01.907Z",
    "user": [
      "eco"
    ],
    "content_json": "{\"pk\": 6, \"path\": \"000100010003\", \"depth\": 3, \"numchild\": 0, \"translation_key\": \"c74bf153-9a65-4cdc-8d14-43d6e6958d38\", \"locale\": 1, \"title\": \"Faculty Loading\", \"draft_title\": \"Faculty Loading\", \"slug\": \"faculty-loading\", \"content_type\": 20, \"live\": true, \"has_unpublished_changes\": false, \"url_path\": \"/welcome-to-tup-faculty-loading/faculty-loading/\", \"owner\": 1, \"seo_title\": \"\", \"show_in_menus\": false, \"search_description\": \"\", \"go_live_at\": null, \"expire_at\": null, \"expired\": false, \"locked\": false, \"locked_at\": null, \"locked_by\": null, \"first_published_at\": \"2021-06-11T15:49:36.159Z\", \"last_published_at\": \"2021-06-11T15:49:36.159Z\", \"latest_revision_created_at\": \"2021-06-11T15:49:36.118Z\", \"live_revision\": 4, \"alias_of\": null, \"comments\": []}",
    "approved_go_live_at": null
  }
},
{
  "model": "wagtailcore.pagerevision",
  "pk": 10,
  "fields": {
    "page": 5,
    "submitted_for_moderation": false,
    "created_at": "2021-06-11T15:51:14.225Z",
    "user": [
      "eco"
    ],
    "content_json": "{\"pk\": 5, \"path\": \"000100010002\", \"depth\": 3, \"numchild\": 0, \"translation_key\": \"a4cb6b84-767c-4800-9e7d-debd6e11eeff\", \"locale\": 1, \"title\": \"Faculty Load\", \"draft_title\": \"Faculty Load\", \"slug\": \"faculty-load\", \"content_type\": 19, \"live\": true, \"has_unpublished_changes\": false, \"url_path\": \"/welcome-to-tup-faculty-loading/faculty-load/\", \"owner\": 1, \"seo_title\": \"\", \"show_in_menus\": false, \"search_description\": \"\", \"go_live_at\": null, \"expire_at\": null, \"expired\": false, \"locked\": false, \"locked_at\": null, \"locked_by\": null, \"first_published_at\": \"2021-06-11T15:49:26.420Z\", \"last_published_at\": \"2021-06-11T15:49:26.420Z\", \"latest_revision_created_at\": \"2021-06-11T15:49:26.382Z\", \"live_revision\": 3, \"alias_of\": null, \"comments\": []}",
    "approved_go_live_at": null
  }
},
{
  "model": "wagtailcore.pagerevision",
  "pk": 11,
  "fields": {
    "page": 4,
    "submitted_for_moderation": false,
    "created_at": "2021-06-11T15:51:30.683Z",
    "user": [
      "eco"
    ],
    "content_json": "{\"pk\": 4, \"path\": \"000100010001\", \"depth\": 3, \"numchild\": 2, \"translation_key\": \"d5970eca-0317-4dbe-abb7-dd0f8b74b36a\", \"locale\": 1, \"title\": \"Department Head Page\", \"draft_title\": \"Department Head Page\", \"slug\": \"department-head-page\", \"content_type\": 16, \"live\": true, \"has_unpublished_changes\": false, \"url_path\": \"/welcome-to-tup-faculty-loading/department-head-page/\", \"owner\": 1, \"seo_title\": \"\", \"show_in_menus\": false, \"search_description\": \"\", \"go_live_at\": null, \"expire_at\": null, \"expired\": false, \"locked\": false, \"locked_at\": null, \"locked_by\": null, \"first_published_at\": \"2021-06-11T15:49:11.284Z\", \"last_published_at\": \"2021-06-11T15:49:11.284Z\", \"latest_revision_created_at\": \"2021-06-11T15:49:11.249Z\", \"live_revision\": 2, \"alias_of\": null, \"comments\": []}",
    "approved_go_live_at": null
  }
},
{
  "model": "wagtailcore.pagelogentry",
  "pk": 1,
  "fields": {
    "content_type": [
      "wagtailcore",
      "page"
    ],
    "label": "Welcome to your new Wagtail site!",
    "action": "wagtail.delete",
    "data_json": "\"\"",
    "timestamp": "2021-06-11T15:48:23.136Z",
    "user": [
      "eco"
    ],
    "content_changed": false,
    "deleted": true,
    "page": 2,
    "revision": null
  }
},
{
  "model": "wagtailcore.pagelogentry",
  "pk": 2,
  "fields": {
    "content_type": [
      "base",
      "basepage"
    ],
    "label": "Welcome to TUP Faculty Loading",
    "action": "wagtail.create",
    "data_json": "\"\"",
    "timestamp": "2021-06-11T15:48:45.645Z",
    "user": [
      "eco"
    ],
    "content_changed": true,
    "deleted": false,
    "page": 3,
    "revision": null
  }
},
{
  "model": "wagtailcore.pagelogentry",
  "pk": 3,
  "fields": {
    "content_type": [
      "base",
      "basepage"
    ],
    "label": "Welcome to TUP Faculty Loading",
    "action": "wagtail.publish",
    "data_json": "null",
    "timestamp": "2021-06-11T15:48:45.769Z",
    "user": [
      "eco"
    ],
    "content_changed": true,
    "deleted": false,
    "page": 3,
    "revision": 1
  }
},
{
  "model": "wagtailcore.pagelogentry",
  "pk": 4,
  "fields": {
    "content_type": [
      "depthead",
      "departmentheadindexpage"
    ],
    "label": "Department Head Page",
    "action": "wagtail.create",
    "data_json": "\"\"",
    "timestamp": "2021-06-11T15:49:11.224Z",
    "user": [
      "eco"
    ],
    "content_changed": true,
    "deleted": false,
    "page": 4,
    "revision": null
  }
},
{
  "model": "wagtailcore.pagelogentry",
  "pk": 5,
  "fields": {
    "content_type": [
      "depthead",
      "departmentheadindexpage"
    ],
    "label": "Department Head Page",
    "action": "wagtail.publish",
    "data_json": "null",
    "timestamp": "2021-06-11T15:49:11.336Z",
    "user": [
      "eco"
    ],
    "content_changed": true,
    "deleted": false,
    "page": 4,
    "revision": 2
  }
},
{
  "model": "wagtailcore.pagelogentry",
  "pk": 6,
  "fields": {
    "content_type": [
      "facultyload",
      "facultyload"
    ],
    "label": "Faculty Load",
    "action": "wagtail.create",
    "data_json": "\"\"",
    "timestamp": "2021-06-11T15:49:26.349Z",
    "user": [
      "eco"
    ],
    "content_changed": true,
    "deleted": false,
    "page": 5,
    "revision": null
  }
},
{
  "model": "wagtailcore.pagelogentry",
  "pk": 7,
  "fields": {
    "content_type": [
      "facultyload",
      "facultyload"
    ],
    "label": "Faculty Load",
    "action": "wagtail.publish",
    "data_json": "null",
    "timestamp": "2021-06-11T15:49:26.476Z",
    "user": [
      "eco"
    ],
    "content_changed": true,
    "deleted": false,
    "page": 5,
    "revision": 3
  }
},
{
  "model": "wagtailcore.pagelogentry",
  "pk": 8,
  "fields": {
    "content_type": [
      "facultyload",
      "facultyloading"
    ],
    "label": "Faculty Loading",
    "action": "wagtail.create",
    "data_json": "\"\"",
    "timestamp": "2021-06-11T15:49:36.088Z",
    "user": [
      "eco"
    ],
    "content_changed": true,
    "deleted": false,
    "page": 6,
    "revision": null
  }
},
{
  "model": "wagtailcore.pagelogentry",
  "pk": 9,
  "fields": {
    "content_type": [
      "facultyload",
      "facultyloading"
    ],
    "label": "Faculty Loading",
    "action": "wagtail.publish",
    "data_json": "null",
    "timestamp": "2021-06-11T15:49:36.223Z",
    "user": [
      "eco"
    ],
    "content_changed": true,
    "deleted": false,
    "page": 6,
    "revision": 4
  }
},
{
  "model": "wagtailcore.pagelogentry",
  "pk": 10,
  "fields": {
    "content_type": [
      "base",
      "timeload"
    ],
    "label": "Time Load",
    "action": "wagtail.create",
    "data_json": "\"\"",
    "timestamp": "2021-06-11T15:49:51.321Z",
    "user": [
      "eco"
    ],
    "content_changed": true,
    "deleted": false,
    "page": 7,
    "revision": null
  }
},
{
  "model": "wagtailcore.pagelogentry",
  "pk": 11,
  "fields": {
    "content_type": [
      "base",
      "timeload"
    ],
    "label": "Time Load",
    "action": "wagtail.publish",
    "data_json": "null",
    "timestamp": "2021-06-11T15:49:51.441Z",
    "user": [
      "eco"
    ],
    "content_changed": true,
    "deleted": false,
    "page": 7,
    "revision": 5
  }
},
{
  "model": "wagtailcore.pagelogentry",
  "pk": 12,
  "fields": {
    "content_type": [
      "depthead",
      "facultyloadpage"
    ],
    "label": "Faculty Load",
    "action": "wagtail.create",
    "data_json": "\"\"",
    "timestamp": "2021-06-11T15:50:10.306Z",
    "user": [
      "eco"
    ],
    "content_changed": true,
    "deleted": false,
    "page": 8,
    "revision": null
  }
},
{
  "model": "wagtailcore.pagelogentry",
  "pk": 13,
  "fields": {
    "content_type": [
      "depthead",
      "facultyloadpage"
    ],
    "label": "Faculty Load",
    "action": "wagtail.publish",
    "data_json": "null",
    "timestamp": "2021-06-11T15:50:10.433Z",
    "user": [
      "eco"
    ],
    "content_changed": true,
    "deleted": false,
    "page": 8,
    "revision": 6
  }
},
{
  "model": "wagtailcore.pagelogentry",
  "pk": 14,
  "fields": {
    "content_type": [
      "depthead",
      "facultyloadingpage"
    ],
    "label": "Faculty Loading",
    "action": "wagtail.create",
    "data_json": "\"\"",
    "timestamp": "2021-06-11T15:50:19.219Z",
    "user": [
      "eco"
    ],
    "content_changed": true,
    "deleted": false,
    "page": 9,
    "revision": null
  }
},
{
  "model": "wagtailcore.pagelogentry",
  "pk": 15,
  "fields": {
    "content_type": [
      "depthead",
      "facultyloadingpage"
    ],
    "label": "Faculty Loading",
    "action": "wagtail.publish",
    "data_json": "null",
    "timestamp": "2021-06-11T15:50:19.340Z",
    "user": [
      "eco"
    ],
    "content_changed": true,
    "deleted": false,
    "page": 9,
    "revision": 7
  }
},
{
  "model": "wagtailcore.pagelogentry",
  "pk": 16,
  "fields": {
    "content_type": [
      "base",
      "timeload"
    ],
    "label": "Time Load",
    "action": "wagtail.view_restriction.create",
    "data_json": "{\"restriction\": {\"type\": \"groups\", \"title\": \"Private, accessible to users in specific groups\"}}",
    "timestamp": "2021-06-11T15:50:42.602Z",
    "user": [
      "eco"
    ],
    "content_changed": false,
    "deleted": false,
    "page": 7,
    "revision": null
  }
},
{
  "model": "wagtailcore.pagelogentry",
  "pk": 17,
  "fields": {
    "content_type": [
      "base",
      "timeload"
    ],
    "label": "Time Load",
    "action": "wagtail.edit",
    "data_json": "\"\"",
    "timestamp": "2021-06-11T15:50:46.711Z",
    "user": [
      "eco"
    ],
    "content_changed": true,
    "deleted": false,
    "page": 7,
    "revision": 8
  }
},
{
  "model": "wagtailcore.pagelogentry",
  "pk": 18,
  "fields": {
    "content_type": [
      "base",
      "timeload"
    ],
    "label": "Time Load",
    "action": "wagtail.publish",
    "data_json": "null",
    "timestamp": "2021-06-11T15:50:46.804Z",
    "user": [
      "eco"
    ],
    "content_changed": false,
    "deleted": false,
    "page": 7,
    "revision": 8
  }
},
{
  "model": "wagtailcore.pagelogentry",
  "pk": 19,
  "fields": {
    "content_type": [
      "facultyload",
      "facultyloading"
    ],
    "label": "Faculty Loading",
    "action": "wagtail.view_restriction.create",
    "data_json": "{\"restriction\": {\"type\": \"groups\", \"title\": \"Private, accessible to users in specific groups\"}}",
    "timestamp": "2021-06-11T15:50:58.205Z",
    "user": [
      "eco"
    ],
    "content_changed": false,
    "deleted": false,
    "page": 6,
    "revision": null
  }
},
{
  "model": "wagtailcore.pagelogentry",
  "pk": 20,
  "fields": {
    "content_type": [
      "facultyload",
      "facultyloading"
    ],
    "label": "Faculty Loading",
    "action": "wagtail.edit",
    "data_json": "\"\"",
    "timestamp": "2021-06-11T15:51:01.926Z",
    "user": [
      "eco"
    ],
    "content_changed": true,
    "deleted": false,
    "page": 6,
    "revision": 9
  }
},
{
  "model": "wagtailcore.pagelogentry",
  "pk": 21,
  "fields": {
    "content_type": [
      "facultyload",
      "facultyloading"
    ],
    "label": "Faculty Loading",
    "action": "wagtail.publish",
    "data_json": "null",
    "timestamp": "2021-06-11T15:51:02.021Z",
    "user": [
      "eco"
    ],
    "content_changed": false,
    "deleted": false,
    "page": 6,
    "revision": 9
  }
},
{
  "model": "wagtailcore.pagelogentry",
  "pk": 22,
  "fields": {
    "content_type": [
      "facultyload",
      "facultyload"
    ],
    "label": "Faculty Load",
    "action": "wagtail.view_restriction.create",
    "data_json": "{\"restriction\": {\"type\": \"groups\", \"title\": \"Private, accessible to users in specific groups\"}}",
    "timestamp": "2021-06-11T15:51:11.783Z",
    "user": [
      "eco"
    ],
    "content_changed": false,
    "deleted": false,
    "page": 5,
    "revision": null
  }
},
{
  "model": "wagtailcore.pagelogentry",
  "pk": 23,
  "fields": {
    "content_type": [
      "facultyload",
      "facultyload"
    ],
    "label": "Faculty Load",
    "action": "wagtail.edit",
    "data_json": "\"\"",
    "timestamp": "2021-06-11T15:51:14.245Z",
    "user": [
      "eco"
    ],
    "content_changed": true,
    "deleted": false,
    "page": 5,
    "revision": 10
  }
},
{
  "model": "wagtailcore.pagelogentry",
  "pk": 24,
  "fields": {
    "content_type": [
      "facultyload",
      "facultyload"
    ],
    "label": "Faculty Load",
    "action": "wagtail.publish",
    "data_json": "null",
    "timestamp": "2021-06-11T15:51:14.335Z",
    "user": [
      "eco"
    ],
    "content_changed": false,
    "deleted": false,
    "page": 5,
    "revision": 10
  }
},
{
  "model": "wagtailcore.pagelogentry",
  "pk": 25,
  "fields": {
    "content_type": [
      "depthead",
      "departmentheadindexpage"
    ],
    "label": "Department Head Page",
    "action": "wagtail.view_restriction.create",
    "data_json": "{\"restriction\": {\"type\": \"groups\", \"title\": \"Private, accessible to users in specific groups\"}}",
    "timestamp": "2021-06-11T15:51:27.133Z",
    "user": [
      "eco"
    ],
    "content_changed": false,
    "deleted": false,
    "page": 4,
    "revision": null
  }
},
{
  "model": "wagtailcore.pagelogentry",
  "pk": 26,
  "fields": {
    "content_type": [
      "depthead",
      "departmentheadindexpage"
    ],
    "label": "Department Head Page",
    "action": "wagtail.edit",
    "data_json": "\"\"",
    "timestamp": "2021-06-11T15:51:30.701Z",
    "user": [
      "eco"
    ],
    "content_changed": true,
    "deleted": false,
    "page": 4,
    "revision": 11
  }
},
{
  "model": "wagtailcore.pagelogentry",
  "pk": 27,
  "fields": {
    "content_type": [
      "depthead",
      "departmentheadindexpage"
    ],
    "label": "Department Head Page",
    "action": "wagtail.publish",
    "data_json": "null",
    "timestamp": "2021-06-11T15:51:30.786Z",
    "user": [
      "eco"
    ],
    "content_changed": false,
    "deleted": false,
    "page": 4,
    "revision": 11
  }
},
{
  "model": "wagtailcore.pagesubscription",
  "pk": 1,
  "fields": {
    "user": [
      "eco"
    ],
    "page": 3,
    "comment_notifications": true
  }
},
{
  "model": "wagtailcore.pagesubscription",
  "pk": 2,
  "fields": {
    "user": [
      "eco"
    ],
    "page": 4,
    "comment_notifications": true
  }
},
{
  "model": "wagtailcore.pagesubscription",
  "pk": 3,
  "fields": {
    "user": [
      "eco"
    ],
    "page": 5,
    "comment_notifications": true
  }
},
{
  "model": "wagtailcore.pagesubscription",
  "pk": 4,
  "fields": {
    "user": [
      "eco"
    ],
    "page": 6,
    "comment_notifications": true
  }
},
{
  "model": "wagtailcore.pagesubscription",
  "pk": 5,
  "fields": {
    "user": [
      "eco"
    ],
    "page": 7,
    "comment_notifications": true
  }
},
{
  "model": "wagtailcore.pagesubscription",
  "pk": 6,
  "fields": {
    "user": [
      "eco"
    ],
    "page": 8,
    "comment_notifications": true
  }
},
{
  "model": "wagtailcore.pagesubscription",
  "pk": 7,
  "fields": {
    "user": [
      "eco"
    ],
    "page": 9,
    "comment_notifications": true
  }
}
]
